project_id,project_code,project_name,project_type,ministry,implementing_agency,state,district,taluk,village,latitude,longitude,land_proposed_hectares,land_acquired_hectares,acquisition_percentage,affected_families,displaced_families,notification_status,notification_date,survey_status,survey_completion_percentage,approval_status,approval_pending_days,award_status,award_date,compensation_assessed,compensation_paid,compensation_pending,legal_cases,legal_dispute_severity,possession_status,possession_percentage,rr_status,rr_completion_percentage,documentation_completeness,stakeholder_responsiveness,current_stage,planned_completion_date,actual_completion_date,project_start_date,historical_agency_delay_rate,delayed,delay_days
ACQ-0001,NAT-PU-0001,National Highway Project 1,National Highway,Ministry of Road Transport and Highways,State Metro Rail Corporation,Punjab,Ludhiana,Ludhiana Taluk,Ludhiana Village 1,30.97451,75.83926,46.88,22.76,48.5,59,12,Completed,2025-08-20,In Progress,48.5,Approved,0,Pending,,40009208.0,15146580.0,24862628.0,0,None,In Progress,22.1,In Progress,15.6,96.0,49.3,Notification,2028-07-27,,2025-07-21,0.383,0,17.9
ACQ-0002,SOL-KE-0002,Solar Park Project 2,Solar Park,Ministry of New and Renewable Energy,State Road Development Corporation,Kerala,Kochi,Kochi Taluk,Kochi Village 2,9.89613,76.18834,27.41,14.92,54.4,103,20,Completed,2025-04-17,In Progress,63.5,Approved,0,Completed,2025-10-04,24961885.0,10614358.0,14347527.0,1,None,In Progress,51.7,In Progress,43.4,49.3,72.5,Compensation,2029-06-19,,2025-03-18,0.405,0,20.4
ACQ-0003,MET-MA-0003,Metro Rail Project 3,Metro Rail,Ministry of Housing and Urban Affairs,National Highways Authority of India,Maharashtra,Pune,Pune Taluk,Pune Village 3,18.318,73.72791,7.92,5.13,64.7,124,62,Completed,2026-06-19,In Progress,59.9,Approved,17,Completed,2026-12-06,4428510.0,1525497.0,2903013.0,1,Medium,In Progress,59.7,In Progress,47.5,57.6,49.2,Compensation,2027-10-21,,2026-05-20,0.149,1,134.7
ACQ-0004,MET-KE-0004,Metro Rail Project 4,Metro Rail,Ministry of Housing and Urban Affairs,State Housing Board,Kerala,Thiruvananthapuram,Thiruvananthapuram Taluk,Thiruvananthapuram Village 4,8.64329,76.95306,18.19,11.71,64.4,12,2,Completed,2026-07-21,In Progress,53.9,Approved,47,Completed,2027-01-07,17932326.0,10403988.0,7528338.0,2,Medium,In Progress,65.9,In Progress,43.1,73.8,56.7,Compensation,2029-06-22,,2026-06-21,0.435,0,23.3
ACQ-0005,WAT-KA-0005,Water Reservoir Project 5,Water Reservoir,Ministry of Jal Shakti,Central Warehousing Corporation,Karnataka,Bengaluru Urban,Bengaluru Urban Taluk,Bengaluru Urban Village 5,12.75769,77.5269,17.41,6.8,39.0,63,27,Completed,2022-12-16,In Progress,62.3,Approved,59,Pending,,5116967.0,1914703.0,3202264.0,1,None,In Progress,23.7,In Progress,33.0,66.9,69.4,Survey,2024-10-22,,2022-11-16,0.438,1,151.6
ACQ-0006,STA-WE-0006,State Highway Project 6,State Highway,State Public Works Department,Central Warehousing Corporation,West Bengal,Bardhaman,Bardhaman Taluk,Bardhaman Village 6,23.06753,87.73973,97.91,28.81,29.4,258,35,In Progress,,In Progress,38.7,Pending,1,Not Started,,32178761.0,3786693.0,28392068.0,1,Medium,In Progress,16.6,In Progress,10.4,84.9,64.0,Scrutiny,2025-10-16,,2022-08-12,0.428,1,183.6
ACQ-0007,AIR-KE-0007,Airport Expansion Project 7,Airport Expansion,Ministry of Civil Aviation,State Road Development Corporation,Kerala,Thiruvananthapuram,Thiruvananthapuram Taluk,Thiruvananthapuram Village 7,8.27888,76.9677,31.81,31.81,100.0,24,1,Completed,2023-06-15,Completed,100.0,Approved,3,Completed,2023-12-02,52740212.0,47159184.0,5581028.0,0,None,In Progress,56.1,In Progress,76.4,80.9,42.0,Closure,2026-08-08,,2023-05-16,0.468,0,9.1
ACQ-0008,AIR-UT-0008,Airport Expansion Project 8,Airport Expansion,Ministry of Civil Aviation,State Metro Rail Corporation,Uttar Pradesh,Lucknow,Lucknow Taluk,Lucknow Village 1,26.91192,80.91319,11.55,8.63,74.7,35,7,Completed,2022-07-10,In Progress,82.0,Approved,15,Completed,2022-12-27,9402599.0,4822825.0,4579774.0,1,Low,In Progress,42.1,In Progress,61.5,86.0,68.9,Possession,2024-08-05,,2022-06-10,0.306,0,16.2
ACQ-0009,WAT-WE-0009,Water Reservoir Project 9,Water Reservoir,Ministry of Jal Shakti,State Road Development Corporation,West Bengal,Kolkata,Kolkata Taluk,Kolkata Village 2,22.72684,88.30868,9.72,0.48,5.0,139,51,Pending,,In Progress,10.9,Pending,290,Not Started,,286136.0,21770.0,264366.0,4,High,In Progress,6.1,In Progress,7.9,72.6,81.0,Proposal,2027-05-14,,2024-11-22,0.432,1,263.4
ACQ-0010,POW-GU-0010,Power Transmission Line Project 10,Power Transmission Line,Ministry of Power,State Metro Rail Corporation,Gujarat,Ahmedabad,Ahmedabad Taluk,Ahmedabad Village 3,23.04643,72.59475,10.42,5.65,54.2,45,2,Completed,2024-06-30,In Progress,43.8,Approved,13,Completed,2024-12-17,8350649.0,2916428.0,5434221.0,1,Medium,In Progress,29.0,In Progress,36.7,49.1,61.6,Award,2025-09-20,,2024-05-31,0.279,1,167.4
ACQ-0011,IND-TA-0011,Industrial Corridor Project 11,Industrial Corridor,Ministry of Commerce and Industry,State Industrial Development Corporation,Tamil Nadu,Madurai,Madurai Taluk,Madurai Village 4,10.00575,78.24986,7.39,4.5,61.0,48,5,Completed,2026-05-16,In Progress,78.8,Approved,55,Completed,2026-11-02,6448751.0,3530580.0,2918171.0,1,Medium,In Progress,41.3,In Progress,34.9,43.4,52.6,Compensation,2028-10-04,,2026-04-16,0.457,1,184.2
ACQ-0012,URB-PU-0012,Urban Housing Project 12,Urban Housing,Ministry of Housing and Urban Affairs,Rail Land Development Authority,Punjab,Ludhiana,Ludhiana Taluk,Ludhiana Village 5,31.09849,75.86878,256.72,148.35,57.8,167,38,Completed,2023-04-08,In Progress,31.8,Approved,18,Completed,2023-09-25,154514543.0,72030543.0,82484000.0,4,Low,In Progress,29.5,In Progress,20.2,79.6,71.9,Award,2026-08-27,,2023-03-09,0.392,1,155.4
ACQ-0013,IRR-MA-0013,Irrigation Canal Project 13,Irrigation Canal,Ministry of Jal Shakti,State Industrial Development Corporation,Madhya Pradesh,Gwalior,Gwalior Taluk,Gwalior Village 6,26.2743,78.2672,13.07,9.23,70.7,121,19,Completed,2022-01-22,In Progress,65.0,Approved,26,Completed,2022-07-11,8095863.0,5692824.0,2403039.0,2,Medium,In Progress,60.6,In Progress,23.7,59.6,51.6,Compensation,2026-09-17,,2021-12-23,0.366,0,21.5
ACQ-0014,NAT-KA-0014,National Highway Project 14,National Highway,Ministry of Road Transport and Highways,State Power Transmission Corporation,Karnataka,Bengaluru Urban,Bengaluru Urban Taluk,Bengaluru Urban Village 7,12.87804,77.87685,71.18,22.15,31.1,49,29,Completed,2021-11-21,In Progress,37.1,Approved,14,Pending,,22551861.0,11040240.0,11511621.0,1,None,In Progress,26.6,In Progress,37.9,79.9,52.8,Survey,2025-10-07,,2021-10-22,0.306,0,18.2
ACQ-0015,MET-OD-0015,Metro Rail Project 15,Metro Rail,Ministry of Housing and Urban Affairs,State Housing Board,Odisha,Cuttack,Cuttack Taluk,Cuttack Village 1,20.35223,85.84798,33.48,19.17,57.3,159,42,Completed,2023-10-21,In Progress,45.4,Approved,1,Not Started,,10856835.0,2844452.0,8012383.0,4,None,In Progress,30.5,In Progress,41.3,75.4,60.8,Survey,2028-04-05,,2023-09-21,0.558,1,140.7
ACQ-0016,WAT-TA-0016,Water Reservoir Project 16,Water Reservoir,Ministry of Jal Shakti,State Metro Rail Corporation,Tamil Nadu,Coimbatore,Coimbatore Taluk,Coimbatore Village 2,10.9049,77.28847,10.93,7.21,66.0,42,1,Completed,2021-11-19,In Progress,76.8,Approved,6,Completed,2022-05-08,11098447.0,7628267.0,3470180.0,0,None,In Progress,76.1,In Progress,63.7,78.0,82.2,Legal,2023-05-23,,2021-10-20,0.296,0,13.9
ACQ-0017,IND-UT-0017,Industrial Corridor Project 17,Industrial Corridor,Ministry of Commerce and Industry,State Industrial Development Corporation,Uttar Pradesh,Kanpur,Kanpur Taluk,Kanpur Village 3,26.19303,80.53308,21.88,21.88,100.0,17,2,Completed,2024-02-09,Completed,100.0,Approved,102,Completed,2024-07-28,25765984.0,25761908.0,4076.0,2,None,In Progress,77.0,In Progress,39.0,67.1,26.9,Closure,2028-05-15,,2024-01-10,0.458,0,13.2
ACQ-0018,NAT-MA-0018,National Highway Project 18,National Highway,Ministry of Road Transport and Highways,State Road Development Corporation,Madhya Pradesh,Bhopal,Bhopal Taluk,Bhopal Village 4,23.27735,77.71911,141.93,35.88,25.3,176,42,Pending,,In Progress,40.0,Pending,31,Not Started,,36327240.0,10776342.0,25550898.0,1,Low,In Progress,26.5,In Progress,15.8,86.0,95.5,Approval,2026-08-28,,2025-05-12,0.416,0,23.9
ACQ-0019,URB-UT-0019,Urban Housing Project 19,Urban Housing,Ministry of Housing and Urban Affairs,State Housing Board,Uttar Pradesh,Kanpur,Kanpur Taluk,Kanpur Village 5,26.28481,80.40315,51.8,27.05,52.2,468,122,Completed,2024-10-27,In Progress,45.0,Approved,1,Completed,2025-04-15,15388480.0,6710828.0,8677652.0,1,High,In Progress,43.7,In Progress,42.7,62.8,71.2,Award,2027-08-23,,2024-09-27,0.423,1,184.2
ACQ-0020,SOL-KA-0020,Solar Park Project 20,Solar Park,Ministry of New and Renewable Energy,State Metro Rail Corporation,Karnataka,Mangaluru,Mangaluru Taluk,Mangaluru Village 6,12.78363,74.65272,96.24,82.66,85.9,58,18,Completed,2023-01-13,In Progress,71.2,Approved,13,Completed,2023-07-02,61123657.0,30006519.0,31117138.0,1,None,In Progress,50.4,In Progress,32.6,37.0,76.1,Legal,2025-08-24,,2022-12-14,0.267,0,22.2
ACQ-0021,RAI-RA-0021,Railway Corridor Project 21,Railway Corridor,Ministry of Railways,State Housing Board,Rajasthan,Jodhpur,Jodhpur Taluk,Jodhpur Village 7,26.18179,72.91974,99.06,0.0,0.0,13,7,In Progress,,In Progress,15.8,Pending,10,Pending,,0.0,0.0,0.0,1,Low,In Progress,5.5,In Progress,8.4,85.5,81.2,Proposal,2029-04-25,,2025-09-09,0.421,0,15.2
ACQ-0022,SOL-MA-0022,Solar Park Project 22,Solar Park,Ministry of New and Renewable Energy,State Industrial Development Corporation,Maharashtra,Nagpur,Nagpur Taluk,Nagpur Village 1,21.26331,79.1049,52.01,7.24,13.9,120,16,Pending,,Not Started,7.7,Pending,7,Pending,,9085245.0,1703756.0,7381489.0,1,Low,In Progress,21.5,In Progress,18.3,85.9,47.2,Approval,2027-03-30,,2023-04-05,0.351,0,23.1
ACQ-0023,STA-MA-0023,State Highway Project 23,State Highway,State Public Works Department,State Power Transmission Corporation,Madhya Pradesh,Bhopal,Bhopal Taluk,Bhopal Village 2,23.1515,77.77508,4.18,3.45,82.6,85,22,Completed,2025-02-24,In Progress,89.0,Approved,33,Completed,2025-08-13,2055101.0,1899892.0,155209.0,0,None,In Progress,54.4,In Progress,37.7,63.7,49.7,Rehabilitation,2029-01-01,,2025-01-25,0.296,0,12.6
ACQ-0024,NAT-RA-0024,National Highway Project 24,National Highway,Ministry of Road Transport and Highways,State Industrial Development Corporation,Rajasthan,Jaipur,Jaipur Taluk,Jaipur Village 3,26.57545,75.55296,24.93,22.19,89.0,154,59,Completed,2024-12-15,In Progress,92.9,Approved,7,Completed,2025-06-03,13202626.0,12195822.0,1006804.0,1,High,In Progress,94.2,In Progress,77.5,90.7,34.1,Rehabilitation,2029-02-05,,2024-11-15,0.4,0,16.6
ACQ-0025,STA-MA-0025,State Highway Project 25,State Highway,State Public Works Department,Rail Land Development Authority,Maharashtra,Aurangabad,Aurangabad Taluk,Aurangabad Village 4,19.83952,75.19319,15.73,3.33,21.2,145,11,In Progress,,In Progress,30.3,Pending,18,Pending,,2943635.0,330778.0,2612857.0,3,None,In Progress,19.4,In Progress,7.4,39.0,76.4,Scrutiny,2026-04-12,,2023-08-13,0.363,1,167.6
ACQ-0026,MET-OD-0026,Metro Rail Project 26,Metro Rail,Ministry of Housing and Urban Affairs,State Industrial Development Corporation,Odisha,Cuttack,Cuttack Taluk,Cuttack Village 5,20.28904,85.90758,27.12,19.53,72.0,148,83,Completed,2026-07-11,In Progress,85.6,Approved,0,Completed,2026-12-28,16930534.0,9343311.0,7587223.0,2,Low,In Progress,51.5,In Progress,59.4,72.2,48.0,Legal,2030-01-18,,2026-06-11,0.472,0,19.7
ACQ-0027,POR-PU-0027,Port Expansion Project 27,Port Expansion,"Ministry of Ports, Shipping and Waterways",State Housing Board,Punjab,Amritsar,Amritsar Taluk,Amritsar Village 6,31.79898,74.82967,8.11,3.14,38.8,77,20,Pending,,In Progress,11.3,Pending,2,Pending,,3331206.0,525208.0,2805998.0,0,None,In Progress,17.6,In Progress,11.2,95.6,46.1,Scrutiny,2026-10-15,,2024-09-22,0.437,0,21.8
ACQ-0028,URB-WE-0028,Urban Housing Project 28,Urban Housing,Ministry of Housing and Urban Affairs,State Industrial Development Corporation,West Bengal,Bardhaman,Bardhaman Taluk,Bardhaman Village 7,23.07341,88.12284,62.53,46.15,73.8,141,15,Completed,2024-10-11,In Progress,62.1,Approved,19,Completed,2025-03-30,33848989.0,12162429.0,21686560.0,1,None,In Progress,64.5,In Progress,56.1,93.2,20.3,Compensation,2028-01-06,,2024-09-11,0.318,0,16.5
ACQ-0029,MET-KE-0029,Metro Rail Project 29,Metro Rail,Ministry of Housing and Urban Affairs,State Road Development Corporation,Kerala,Kochi,Kochi Taluk,Kochi Village 1,9.80755,76.38345,5.97,5.97,100.0,10,1,Completed,2026-07-14,In Progress,90.5,Approved,9,Completed,2026-12-31,2575798.0,1579761.0,996037.0,1,Medium,In Progress,59.5,In Progress,36.1,57.1,35.2,Rehabilitation,2027-12-27,,2026-06-14,0.397,0,22.5
ACQ-0030,IRR-MA-0030,Irrigation Canal Project 30,Irrigation Canal,Ministry of Jal Shakti,State Housing Board,Maharashtra,Pune,Pune Taluk,Pune Village 2,18.59904,74.10308,117.98,22.7,19.2,116,21,Pending,,In Progress,23.1,Pending,58,Not Started,,16877195.0,3466156.0,13411039.0,1,None,In Progress,25.4,In Progress,13.9,79.7,93.0,Approval,2024-03-31,,2022-10-31,0.366,1,154.1
ACQ-0031,MET-MA-0031,Metro Rail Project 31,Metro Rail,Ministry of Housing and Urban Affairs,State Road Development Corporation,Madhya Pradesh,Gwalior,Gwalior Taluk,Gwalior Village 3,26.36807,78.20698,17.55,5.96,34.0,70,5,In Progress,,Not Started,5.1,Pending,56,Not Started,,5395966.0,548945.0,4847021.0,1,None,In Progress,19.5,In Progress,11.1,66.9,49.7,Scrutiny,2028-03-27,,2025-04-25,0.473,1,176.3
ACQ-0032,SOL-MA-0032,Solar Park Project 32,Solar Park,Ministry of New and Renewable Energy,State Road Development Corporation,Madhya Pradesh,Bhopal,Bhopal Taluk,Bhopal Village 4,23.32444,77.44115,32.19,2.56,8.0,27,8,In Progress,,In Progress,17.2,Pending,24,Pending,,3994833.0,380639.0,3614194.0,1,None,In Progress,10.4,In Progress,6.4,41.3,95.5,Scrutiny,2025-06-26,,2023-07-28,0.463,1,163.9
ACQ-0033,RAI-GU-0033,Railway Corridor Project 33,Railway Corridor,Ministry of Railways,Central Warehousing Corporation,Gujarat,Vadodara,Vadodara Taluk,Vadodara Village 5,22.35245,73.29701,25.71,9.53,37.1,39,19,In Progress,,Not Started,7.1,Pending,84,Pending,,6997765.0,1091285.0,5906480.0,1,Medium,In Progress,18.5,In Progress,12.6,89.6,55.3,Approval,2024-11-02,,2022-01-02,0.359,1,201.6
ACQ-0034,AIR-MA-0034,Airport Expansion Project 34,Airport Expansion,Ministry of Civil Aviation,State Road Development Corporation,Maharashtra,Aurangabad,Aurangabad Taluk,Aurangabad Village 6,19.71159,75.39736,28.98,3.78,13.0,95,63,Pending,,Not Started,1.9,Pending,95,Pending,,3364863.0,164449.0,3200414.0,4,High,In Progress,6.7,In Progress,7.6,56.8,91.5,Proposal,2027-01-09,,2022-04-09,0.389,1,236.5
ACQ-0035,POW-GU-0035,Power Transmission Line Project 35,Power Transmission Line,Ministry of Power,State Housing Board,Gujarat,Surat,Surat Taluk,Surat Village 7,21.11184,72.87288,34.28,20.5,59.8,449,141,Completed,2022-10-15,In Progress,54.1,Approved,1,Completed,2023-04-03,14519258.0,7477034.0,7042224.0,0,None,In Progress,55.1,In Progress,35.3,72.1,93.2,Award,2026-04-16,,2022-09-15,0.473,1,104.5
ACQ-0036,RAI-UT-0036,Railway Corridor Project 36,Railway Corridor,Ministry of Railways,Central Warehousing Corporation,Uttar Pradesh,Lucknow,Lucknow Taluk,Lucknow Village 1,26.97307,81.02609,71.28,13.15,18.4,255,103,In Progress,,Not Started,0.0,Pending,11,Not Started,,20318773.0,1922686.0,18396087.0,1,High,In Progress,6.1,In Progress,6.7,72.6,78.9,Proposal,2028-05-11,,2024-11-16,0.427,1,222.1
ACQ-0037,POW-MA-0037,Power Transmission Line Project 37,Power Transmission Line,Ministry of Power,State Housing Board,Madhya Pradesh,Jabalpur,Jabalpur Taluk,Jabalpur Village 2,23.18719,80.01633,36.91,9.52,25.8,51,10,In Progress,,In Progress,21.5,Pending,129,Pending,,16782661.0,5171061.0,11611600.0,1,High,In Progress,26.0,In Progress,8.7,76.7,45.2,Approval,2026-06-11,,2022-09-20,0.389,1,219.1
ACQ-0038,WAT-OD-0038,Water Reservoir Project 38,Water Reservoir,Ministry of Jal Shakti,State Power Transmission Corporation,Odisha,Bhubaneswar,Bhubaneswar Taluk,Bhubaneswar Village 3,20.27334,85.98828,90.97,14.92,16.4,26,5,In Progress,,In Progress,29.0,Pending,16,Pending,,10419331.0,985550.0,9433781.0,3,None,In Progress,19.7,In Progress,7.8,60.6,87.9,Scrutiny,2025-07-15,,2022-02-12,0.346,0,23.6
ACQ-0039,RAI-TE-0039,Railway Corridor Project 39,Railway Corridor,Ministry of Railways,State Road Development Corporation,Telangana,Hyderabad,Hyderabad Taluk,Hyderabad Village 4,17.37654,78.70602,12.47,9.73,78.0,71,12,Completed,2023-08-23,In Progress,70.4,Approved,6,Completed,2024-02-09,10093009.0,3259926.0,6833083.0,0,None,In Progress,46.8,In Progress,40.5,41.4,56.8,Compensation,2027-04-27,,2023-07-24,0.42,0,22.2
ACQ-0040,POW-PU-0040,Power Transmission Line Project 40,Power Transmission Line,Ministry of Power,State Road Development Corporation,Punjab,Ludhiana,Ludhiana Taluk,Ludhiana Village 5,30.72625,75.82686,25.2,23.33,92.6,11,3,Completed,2026-03-16,In Progress,78.9,Approved,15,Completed,2026-09-02,31851305.0,29545889.0,2305416.0,0,None,In Progress,54.6,In Progress,33.9,43.7,81.1,Rehabilitation,2030-08-21,,2026-02-14,0.474,0,12.4
ACQ-0041,URB-OD-0041,Urban Housing Project 41,Urban Housing,Ministry of Housing and Urban Affairs,National Highways Authority of India,Odisha,Bhubaneswar,Bhubaneswar Taluk,Bhubaneswar Village 6,20.49761,85.84964,195.44,113.6,58.1,351,144,Completed,2024-10-26,In Progress,57.3,Approved,19,Completed,2025-04-14,124673047.0,68308410.0,56364637.0,1,None,In Progress,69.9,In Progress,62.5,51.2,80.2,Compensation,2029-08-13,,2024-09-26,0.187,0,14.2
ACQ-0042,IRR-OD-0042,Irrigation Canal Project 42,Irrigation Canal,Ministry of Jal Shakti,State Industrial Development Corporation,Odisha,Cuttack,Cuttack Taluk,Cuttack Village 7,20.32476,85.64573,181.59,114.03,62.8,366,30,Completed,2023-10-06,In Progress,70.0,Approved,17,Completed,2024-03-24,162647629.0,60602994.0,102044635.0,2,None,In Progress,40.9,In Progress,62.4,60.0,69.0,Compensation,2025-04-27,,2023-09-06,0.238,0,16.2
ACQ-0043,RAI-RA-0043,Railway Corridor Project 43,Railway Corridor,Ministry of Railways,State Metro Rail Corporation,Rajasthan,Jodhpur,Jodhpur Taluk,Jodhpur Village 1,26.29614,73.00697,55.0,24.52,44.6,199,33,Completed,2022-06-14,In Progress,60.3,Approved,1,Completed,2022-12-01,15635449.0,7145568.0,8489881.0,2,High,In Progress,35.4,In Progress,39.9,55.9,59.3,Award,2024-03-05,,2022-05-15,0.328,1,177.0
ACQ-0044,POR-MA-0044,Port Expansion Project 44,Port Expansion,"Ministry of Ports, Shipping and Waterways",State Road Development Corporation,Maharashtra,Ratnagiri,Ratnagiri Taluk,Ratnagiri Village 2,17.18481,73.25097,14.14,2.63,18.6,39,13,Pending,,In Progress,11.1,Pending,10,Not Started,,4684772.0,960231.0,3724541.0,0,None,In Progress,19.5,In Progress,13.6,58.6,11.2,Scrutiny,2028-02-08,,2023-04-19,0.368,0,23.1
ACQ-0045,STA-TA-0045,State Highway Project 45,State Highway,State Public Works Department,State Industrial Development Corporation,Tamil Nadu,Madurai,Madurai Taluk,Madurai Village 3,9.97149,78.02239,71.74,31.67,44.1,120,15,Completed,2022-11-10,In Progress,49.8,Approved,17,Pending,,51193509.0,20265563.0,30927946.0,0,None,In Progress,48.1,In Progress,35.6,50.2,53.4,Survey,2026-01-01,,2022-10-11,0.43,1,127.4
ACQ-0046,URB-MA-0046,Urban Housing Project 46,Urban Housing,Ministry of Housing and Urban Affairs,National Highways Authority of India,Madhya Pradesh,Jabalpur,Jabalpur Taluk,Jabalpur Village 4,23.14214,80.07466,35.01,17.56,50.2,31,11,Completed,2023-08-21,In Progress,79.1,Approved,2,Completed,2024-02-07,20409720.0,6542618.0,13867102.0,1,Low,In Progress,46.9,In Progress,50.1,92.0,62.2,Compensation,2026-05-17,,2023-07-22,0.245,1,132.6
ACQ-0047,RAI-PU-0047,Railway Corridor Project 47,Railway Corridor,Ministry of Railways,State Metro Rail Corporation,Punjab,Ludhiana,Ludhiana Taluk,Ludhiana Village 5,31.04726,75.81128,2.01,0.73,36.5,21,0,Pending,,In Progress,26.9,Pending,105,Pending,,1025922.0,209118.0,816804.0,0,None,In Progress,11.2,In Progress,5.6,76.0,64.4,Scrutiny,2025-10-17,,2022-09-05,0.261,1,158.0
ACQ-0048,URB-RA-0048,Urban Housing Project 48,Urban Housing,Ministry of Housing and Urban Affairs,State Industrial Development Corporation,Rajasthan,Udaipur,Udaipur Taluk,Udaipur Village 6,24.41446,73.84775,5.1,3.31,64.8,171,24,Completed,2025-07-02,In Progress,74.0,Approved,22,Completed,2025-12-19,1819268.0,1149450.0,669818.0,0,None,In Progress,78.4,In Progress,46.4,69.5,50.2,Legal,2027-04-02,,2025-06-02,0.399,0,13.0
ACQ-0049,AIR-GU-0049,Airport Expansion Project 49,Airport Expansion,Ministry of Civil Aviation,State Housing Board,Gujarat,Rajkot,Rajkot Taluk,Rajkot Village 7,22.08961,71.06244,7.07,2.18,30.8,38,9,Completed,2021-11-18,In Progress,26.4,Approved,17,Pending,,2250795.0,721315.0,1529480.0,0,None,In Progress,34.3,In Progress,32.9,74.0,47.5,Notification,2023-05-02,,2021-10-19,0.446,1,119.0
ACQ-0050,IRR-MA-0050,Irrigation Canal Project 50,Irrigation Canal,Ministry of Jal Shakti,National Highways Authority of India,Maharashtra,Aurangabad,Aurangabad Taluk,Aurangabad Village 1,20.26696,75.21945,126.36,28.45,22.5,44,9,Pending,,Not Started,2.1,Pending,16,Not Started,,25519503.0,1264667.0,24254836.0,1,None,In Progress,8.9,Not Started,4.2,56.8,91.0,Proposal,2025-07-10,,2024-04-15,0.364,0,25.6
ACQ-0051,AIR-MA-0051,Airport Expansion Project 51,Airport Expansion,Ministry of Civil Aviation,National Highways Authority of India,Madhya Pradesh,Gwalior,Gwalior Taluk,Gwalior Village 2,26.28285,78.26375,26.47,5.95,22.5,32,14,Pending,,Not Started,9.4,Pending,68,Pending,,9006098.0,1805584.0,7200514.0,1,Medium,In Progress,10.8,In Progress,18.1,67.6,67.2,Scrutiny,2026-08-22,,2022-07-27,0.265,1,189.0
ACQ-0052,POW-OD-0052,Power Transmission Line Project 52,Power Transmission Line,Ministry of Power,Rail Land Development Authority,Odisha,Bhubaneswar,Bhubaneswar Taluk,Bhubaneswar Village 3,20.13941,85.68654,12.13,0.87,7.2,79,40,In Progress,,Not Started,0.0,Pending,45,Pending,,1467819.0,109823.0,1357996.0,4,High,In Progress,9.0,In Progress,5.1,70.1,59.4,Proposal,2024-02-08,,2022-08-02,0.353,1,226.3
ACQ-0053,SOL-GU-0053,Solar Park Project 53,Solar Park,Ministry of New and Renewable Energy,State Road Development Corporation,Gujarat,Surat,Surat Taluk,Surat Village 4,21.19557,73.19973,18.17,7.31,40.3,118,1,Completed,2026-04-24,In Progress,51.5,Approved,10,Not Started,,6115126.0,2304269.0,3810857.0,1,High,In Progress,40.2,In Progress,20.5,87.2,83.0,Survey,2029-12-16,,2026-03-25,0.417,0,27.8
ACQ-0054,MET-KE-0054,Metro Rail Project 54,Metro Rail,Ministry of Housing and Urban Affairs,Rail Land Development Authority,Kerala,Kochi,Kochi Taluk,Kochi Village 5,9.83799,76.22463,16.64,16.64,100.0,85,37,Completed,2024-01-14,Completed,100.0,Approved,13,Completed,2024-07-02,16582039.0,9699858.0,6882181.0,2,Medium,In Progress,72.1,In Progress,59.0,67.6,97.8,Closure,2025-10-18,,2023-12-15,0.323,0,20.7
ACQ-0055,RAI-UT-0055,Railway Corridor Project 55,Railway Corridor,Ministry of Railways,State Power Transmission Corporation,Uttar Pradesh,Lucknow,Lucknow Taluk,Lucknow Village 6,26.90877,80.9477,43.79,36.25,82.8,30,13,Completed,2022-04-16,In Progress,76.5,Approved,24,Completed,2022-10-03,38657920.0,23542485.0,15115435.0,1,None,In Progress,79.4,In Progress,75.6,76.1,69.1,Possession,2025-01-07,,2022-03-17,0.306,0,14.0
ACQ-0056,IRR-PU-0056,Irrigation Canal Project 56,Irrigation Canal,Ministry of Jal Shakti,Rail Land Development Authority,Punjab,Ludhiana,Ludhiana Taluk,Ludhiana Village 7,31.11159,76.04217,32.35,28.54,88.2,41,10,Completed,2025-04-28,In Progress,73.7,Approved,20,Completed,2025-10-15,13081082.0,5941229.0,7139853.0,1,None,In Progress,44.4,In Progress,25.2,76.8,44.9,Possession,2026-04-28,,2025-03-29,0.409,0,17.0
ACQ-0057,MET-KA-0057,Metro Rail Project 57,Metro Rail,Ministry of Housing and Urban Affairs,State Industrial Development Corporation,Karnataka,Kalaburagi,Kalaburagi Taluk,Kalaburagi Village 1,17.43784,76.97941,11.51,8.11,70.4,284,67,Completed,2024-10-24,In Progress,87.3,Approved,0,Completed,2025-04-12,14240222.0,11874375.0,2365847.0,0,None,In Progress,89.0,In Progress,59.0,79.7,66.4,Possession,2027-06-06,,2024-09-24,0.369,0,9.0
ACQ-0058,IRR-MA-0058,Irrigation Canal Project 58,Irrigation Canal,Ministry of Jal Shakti,State Industrial Development Corporation,Madhya Pradesh,Jabalpur,Jabalpur Taluk,Jabalpur Village 2,23.48843,79.82452,19.66,6.71,34.1,97,34,Completed,2025-03-03,In Progress,39.6,Approved,45,Pending,,5053552.0,1820707.0,3232845.0,4,Low,In Progress,22.1,In Progress,24.8,85.3,79.5,Notification,2028-04-21,,2025-02-01,0.392,1,142.0
ACQ-0059,IRR-RA-0059,Irrigation Canal Project 59,Irrigation Canal,Ministry of Jal Shakti,State Power Transmission Corporation,Rajasthan,Jaisalmer,Jaisalmer Taluk,Jaisalmer Village 3,27.30025,71.023,35.92,26.56,74.0,135,50,Completed,2022-05-14,In Progress,61.1,Approved,28,Completed,2022-10-31,18210861.0,9975639.0,8235222.0,2,Low,In Progress,45.4,In Progress,54.0,88.2,70.2,Compensation,2025-08-12,,2022-04-14,0.225,0,16.8
ACQ-0060,NAT-TE-0060,National Highway Project 60,National Highway,Ministry of Road Transport and Highways,State Road Development Corporation,Telangana,Warangal,Warangal Taluk,Warangal Village 4,17.76725,79.33588,5.34,5.34,100.0,44,26,Completed,2025-07-15,In Progress,82.7,Approved,14,Completed,2026-01-01,6647674.0,5678952.0,968722.0,1,None,In Progress,90.5,In Progress,59.0,88.7,14.8,Rehabilitation,2028-10-20,,2025-06-15,0.378,0,11.5
ACQ-0061,NAT-OD-0061,National Highway Project 61,National Highway,Ministry of Road Transport and Highways,State Road Development Corporation,Odisha,Cuttack,Cuttack Taluk,Cuttack Village 5,20.43971,85.90848,43.67,34.29,78.5,27,5,Completed,2024-04-14,In Progress,78.0,Approved,15,Completed,2024-10-01,22571967.0,10564032.0,12007935.0,1,None,In Progress,32.7,In Progress,56.1,45.9,80.8,Compensation,2025-09-22,,2024-03-15,0.41,0,17.8
ACQ-0062,URB-WE-0062,Urban Housing Project 62,Urban Housing,Ministry of Housing and Urban Affairs,State Road Development Corporation,West Bengal,Durgapur,Durgapur Taluk,Durgapur Village 6,23.75857,87.34085,16.8,3.78,22.5,63,20,Completed,2024-04-06,In Progress,50.2,Approved,19,Pending,,6574405.0,1628130.0,4946275.0,0,None,In Progress,30.4,In Progress,22.0,71.8,49.9,Survey,2025-04-24,,2024-03-07,0.406,0,18.6
ACQ-0063,WAT-RA-0063,Water Reservoir Project 63,Water Reservoir,Ministry of Jal Shakti,Central Warehousing Corporation,Rajasthan,Jaisalmer,Jaisalmer Taluk,Jaisalmer Village 7,26.92525,70.74035,4.21,0.04,0.9,92,42,Pending,,Not Started,2.7,Pending,250,Not Started,,30366.0,2554.0,27812.0,1,None,In Progress,7.1,In Progress,8.9,35.0,74.7,Proposal,2026-03-31,,2022-05-29,0.349,0,29.9
ACQ-0064,URB-PU-0064,Urban Housing Project 64,Urban Housing,Ministry of Housing and Urban Affairs,State Power Transmission Corporation,Punjab,Amritsar,Amritsar Taluk,Amritsar Village 1,31.63925,74.89647,17.0,9.69,57.0,79,7,Completed,2022-05-28,In Progress,74.5,Approved,9,Completed,2022-11-14,12707106.0,6910026.0,5797080.0,0,None,In Progress,51.4,In Progress,55.0,68.1,69.4,Compensation,2026-10-11,,2022-04-28,0.258,0,13.5
ACQ-0065,AIR-MA-0065,Airport Expansion Project 65,Airport Expansion,Ministry of Civil Aviation,State Metro Rail Corporation,Maharashtra,Nagpur,Nagpur Taluk,Nagpur Village 2,21.16425,79.03593,40.91,27.07,66.2,71,23,Completed,2023-04-10,In Progress,52.0,Approved,19,Completed,2023-09-27,41984066.0,19964992.0,22019074.0,2,None,In Progress,51.8,In Progress,31.9,46.1,77.8,Compensation,2027-04-22,,2023-03-11,0.353,0,18.4
ACQ-0066,AIR-KE-0066,Airport Expansion Project 66,Airport Expansion,Ministry of Civil Aviation,Rail Land Development Authority,Kerala,Thiruvananthapuram,Thiruvananthapuram Taluk,Thiruvananthapuram Village 3,8.64507,76.87584,18.81,5.86,31.1,45,12,In Progress,,In Progress,32.4,Pending,60,Pending,,3028739.0,886791.0,2141948.0,3,Medium,In Progress,29.7,In Progress,20.9,54.4,76.9,Approval,2026-08-19,,2022-06-01,0.332,1,186.2
ACQ-0067,AIR-RA-0067,Airport Expansion Project 67,Airport Expansion,Ministry of Civil Aviation,National Highways Authority of India,Rajasthan,Jodhpur,Jodhpur Taluk,Jodhpur Village 4,26.51118,73.07262,18.11,3.75,20.7,63,20,Completed,2025-12-26,In Progress,36.1,Approved,3,Pending,,5238074.0,1975013.0,3263061.0,0,None,In Progress,23.4,In Progress,14.5,94.9,27.5,Notification,2029-07-23,,2025-11-26,0.282,0,17.4
ACQ-0068,POR-UT-0068,Port Expansion Project 68,Port Expansion,"Ministry of Ports, Shipping and Waterways",State Housing Board,Uttar Pradesh,Varanasi,Varanasi Taluk,Varanasi Village 5,25.34033,83.1492,7.99,3.37,42.2,118,16,Completed,2023-01-23,In Progress,22.2,Approved,4,Pending,,1504587.0,477067.0,1027520.0,6,Medium,In Progress,47.5,In Progress,35.0,76.7,41.0,Survey,2027-08-02,,2022-12-24,0.423,1,167.1
ACQ-0069,SOL-KE-0069,Solar Park Project 69,Solar Park,Ministry of New and Renewable Energy,State Road Development Corporation,Kerala,Kochi,Kochi Taluk,Kochi Village 6,9.91642,76.37642,15.87,6.42,40.5,58,18,Completed,2022-04-14,In Progress,25.1,Approved,31,Not Started,,5098313.0,1978683.0,3119630.0,0,None,In Progress,33.5,In Progress,24.7,97.1,47.7,Notification,2026-07-19,,2022-03-15,0.377,0,19.3
ACQ-0070,SOL-MA-0070,Solar Park Project 70,Solar Park,Ministry of New and Renewable Energy,State Metro Rail Corporation,Maharashtra,Pune,Pune Taluk,Pune Village 7,18.66255,74.11659,22.1,7.74,35.0,78,31,Completed,2024-02-23,In Progress,50.3,Approved,1,Pending,,12952716.0,4403830.0,8548886.0,3,None,In Progress,27.6,In Progress,19.0,87.3,93.9,Notification,2025-06-21,,2024-01-24,0.259,0,17.0
ACQ-0071,POR-KA-0071,Port Expansion Project 71,Port Expansion,"Ministry of Ports, Shipping and Waterways",State Road Development Corporation,Karnataka,Bengaluru Urban,Bengaluru Urban Taluk,Bengaluru Urban Village 1,13.08743,77.55151,2.22,1.29,57.9,83,34,Completed,2026-07-20,In Progress,53.3,Approved,8,Completed,2027-01-06,1369323.0,395614.0,973709.0,0,None,In Progress,36.3,In Progress,53.5,90.9,66.4,Award,2028-04-29,,2026-06-20,0.347,1,109.2
ACQ-0072,WAT-PU-0072,Water Reservoir Project 72,Water Reservoir,Ministry of Jal Shakti,Central Warehousing Corporation,Punjab,Ludhiana,Ludhiana Taluk,Ludhiana Village 2,31.06267,75.77337,39.65,30.29,76.4,103,22,Completed,2025-05-11,In Progress,45.5,Approved,7,Completed,2025-10-28,33633311.0,19597420.0,14035891.0,3,None,In Progress,36.3,In Progress,31.4,83.6,31.0,Award,2026-07-05,,2025-04-11,0.376,1,105.7
ACQ-0073,STA-PU-0073,State Highway Project 73,State Highway,State Public Works Department,Central Warehousing Corporation,Punjab,Ludhiana,Ludhiana Taluk,Ludhiana Village 3,30.92202,76.10183,60.15,15.11,25.1,33,1,In Progress,,In Progress,25.7,Pending,5,Pending,,13548832.0,4109441.0,9439391.0,2,Low,In Progress,23.4,In Progress,8.4,71.3,75.3,Approval,2029-02-07,,2026-06-13,0.363,0,22.0
ACQ-0074,RAI-MA-0074,Railway Corridor Project 74,Railway Corridor,Ministry of Railways,State Housing Board,Maharashtra,Aurangabad,Aurangabad Taluk,Aurangabad Village 4,19.86072,75.05772,14.17,9.12,64.4,85,7,Completed,2023-03-24,In Progress,79.1,Approved,21,Completed,2023-09-10,9137360.0,5450849.0,3686511.0,0,None,In Progress,43.5,In Progress,54.2,86.0,53.7,Compensation,2026-11-05,,2023-02-22,0.515,1,105.5
ACQ-0075,POR-TE-0075,Port Expansion Project 75,Port Expansion,"Ministry of Ports, Shipping and Waterways",Central Warehousing Corporation,Telangana,Warangal,Warangal Taluk,Warangal Village 5,17.73063,79.43636,16.27,11.87,73.0,60,9,Completed,2024-10-03,Completed,97.5,Approved,7,Completed,2025-03-22,5939708.0,3723835.0,2215873.0,0,None,In Progress,74.1,In Progress,59.2,60.4,63.0,Possession,2025-10-28,,2024-09-03,0.376,0,14.7
ACQ-0076,RAI-TE-0076,Railway Corridor Project 76,Railway Corridor,Ministry of Railways,State Housing Board,Telangana,Warangal,Warangal Taluk,Warangal Village 6,17.96675,79.5445,18.94,12.75,67.3,122,27,Completed,2025-05-08,In Progress,57.3,Approved,16,Completed,2025-10-25,19856726.0,12343034.0,7513692.0,0,None,In Progress,58.7,In Progress,31.2,77.4,55.3,Award,2027-01-12,,2025-04-08,0.36,0,15.0
ACQ-0077,AIR-GU-0077,Airport Expansion Project 77,Airport Expansion,Ministry of Civil Aviation,State Housing Board,Gujarat,Rajkot,Rajkot Taluk,Rajkot Village 7,22.2186,70.77478,15.3,7.31,47.8,144,15,Completed,2022-10-21,In Progress,33.3,Approved,91,Completed,2023-04-09,11933141.0,6874028.0,5059113.0,2,None,In Progress,46.9,In Progress,20.8,67.1,44.9,Compensation,2024-10-20,,2022-09-21,0.432,1,142.8
ACQ-0078,MET-MA-0078,Metro Rail Project 78,Metro Rail,Ministry of Housing and Urban Affairs,State Metro Rail Corporation,Maharashtra,Nagpur,Nagpur Taluk,Nagpur Village 1,21.19202,79.07131,7.59,3.44,45.3,104,22,Completed,2023-08-08,In Progress,53.1,Approved,8,Pending,,3838303.0,1430660.0,2407643.0,3,None,In Progress,45.3,In Progress,38.0,47.1,68.7,Survey,2028-02-27,,2023-07-09,0.36,0,19.1
ACQ-0079,WAT-GU-0079,Water Reservoir Project 79,Water Reservoir,Ministry of Jal Shakti,Rail Land Development Authority,Gujarat,Vadodara,Vadodara Taluk,Vadodara Village 2,22.30719,73.13172,75.5,60.63,80.3,36,8,Completed,2024-04-06,In Progress,66.3,Approved,4,Completed,2024-09-23,105522103.0,38813803.0,66708300.0,3,None,In Progress,37.0,In Progress,59.4,67.9,58.2,Legal,2025-06-26,,2024-03-07,0.312,0,19.5
ACQ-0080,AIR-UT-0080,Airport Expansion Project 80,Airport Expansion,Ministry of Civil Aviation,State Housing Board,Uttar Pradesh,Varanasi,Varanasi Taluk,Varanasi Village 3,25.35177,82.72396,4.79,2.1,43.9,44,12,Completed,2024-04-25,In Progress,45.8,Approved,6,Pending,,1065975.0,399937.0,666038.0,2,Medium,In Progress,24.7,In Progress,26.5,87.7,41.8,Survey,2026-02-13,,2024-03-26,0.44,1,162.5
ACQ-0081,URB-UT-0081,Urban Housing Project 81,Urban Housing,Ministry of Housing and Urban Affairs,Central Warehousing Corporation,Uttar Pradesh,Lucknow,Lucknow Taluk,Lucknow Village 4,26.86183,80.95347,4.7,3.02,64.2,34,25,Completed,2026-04-30,In Progress,56.8,Approved,17,Completed,2026-10-17,1511468.0,778022.0,733446.0,0,None,In Progress,50.6,In Progress,47.8,55.7,43.9,Award,2030-03-09,,2026-03-31,0.417,0,16.1
ACQ-0082,POW-WE-0082,Power Transmission Line Project 82,Power Transmission Line,Ministry of Power,Central Warehousing Corporation,West Bengal,Siliguri,Siliguri Taluk,Siliguri Village 5,26.58788,88.29607,24.91,15.49,62.2,29,2,Completed,2022-12-17,In Progress,63.3,Approved,6,Completed,2023-06-05,23304790.0,13725041.0,9579749.0,2,Medium,In Progress,58.8,In Progress,19.8,97.8,51.2,Award,2027-08-12,,2022-11-17,0.462,0,21.8
ACQ-0083,POR-OD-0083,Port Expansion Project 83,Port Expansion,"Ministry of Ports, Shipping and Waterways",State Industrial Development Corporation,Odisha,Bhubaneswar,Bhubaneswar Taluk,Bhubaneswar Village 6,20.14169,85.97877,30.06,10.25,34.1,49,13,Completed,2025-12-08,In Progress,43.6,Approved,11,Not Started,,7097467.0,1908985.0,5188482.0,1,None,In Progress,34.9,In Progress,21.5,72.2,79.4,Notification,2029-05-31,,2025-11-08,0.302,0,18.9
ACQ-0084,WAT-WE-0084,Water Reservoir Project 84,Water Reservoir,Ministry of Jal Shakti,Rail Land Development Authority,West Bengal,Durgapur,Durgapur Taluk,Durgapur Village 7,23.67268,87.17955,75.6,54.66,72.3,323,35,Completed,2024-05-17,In Progress,75.3,Approved,2,Completed,2024-11-03,61339816.0,33822870.0,27516946.0,1,High,In Progress,59.5,In Progress,43.9,75.7,22.5,Possession,2029-01-28,,2024-04-17,0.389,1,157.4
ACQ-0085,POW-OD-0085,Power Transmission Line Project 85,Power Transmission Line,Ministry of Power,National Highways Authority of India,Odisha,Bhubaneswar,Bhubaneswar Taluk,Bhubaneswar Village 1,20.60269,85.85245,70.36,8.72,12.4,82,34,In Progress,,In Progress,25.3,Pending,19,Pending,,3702279.0,464906.0,3237373.0,2,Medium,In Progress,13.1,In Progress,5.5,94.0,65.4,Scrutiny,2027-05-20,,2025-06-01,0.26,0,27.9
ACQ-0086,IRR-TA-0086,Irrigation Canal Project 86,Irrigation Canal,Ministry of Jal Shakti,Central Warehousing Corporation,Tamil Nadu,Chennai,Chennai Taluk,Chennai Village 2,13.05306,80.52072,22.03,8.79,39.9,71,24,Completed,2023-03-20,In Progress,37.5,Approved,2,Not Started,,11175422.0,5119660.0,6055762.0,1,None,In Progress,44.8,In Progress,33.9,86.0,80.4,Survey,2024-05-17,,2023-02-18,0.308,1,110.8
ACQ-0087,POW-UT-0087,Power Transmission Line Project 87,Power Transmission Line,Ministry of Power,State Metro Rail Corporation,Uttar Pradesh,Varanasi,Varanasi Taluk,Varanasi Village 3,25.19473,83.28343,4.92,4.1,83.3,455,90,Completed,2021-11-29,In Progress,74.4,Approved,14,Completed,2022-05-18,4124364.0,1783530.0,2340834.0,0,None,In Progress,62.8,In Progress,36.5,59.9,37.1,Possession,2023-07-29,,2021-10-30,0.319,0,17.4
ACQ-0088,WAT-MA-0088,Water Reservoir Project 88,Water Reservoir,Ministry of Jal Shakti,National Highways Authority of India,Madhya Pradesh,Bhopal,Bhopal Taluk,Bhopal Village 4,23.1607,77.47388,25.01,23.73,94.9,114,62,Completed,2024-07-18,In Progress,88.5,Approved,14,Completed,2025-01-04,35126989.0,28954551.0,6172438.0,0,None,In Progress,50.5,In Progress,55.0,68.8,42.5,Closure,2025-07-29,,2024-06-18,0.316,0,12.5
ACQ-0089,SOL-WE-0089,Solar Park Project 89,Solar Park,Ministry of New and Renewable Energy,State Road Development Corporation,West Bengal,Kolkata,Kolkata Taluk,Kolkata Village 5,22.88496,88.32295,17.14,13.14,76.6,143,54,Completed,2025-03-29,In Progress,62.6,Approved,45,Completed,2025-09-15,22749282.0,16288832.0,6460450.0,1,Low,In Progress,53.2,In Progress,56.9,94.1,45.9,Possession,2029-11-21,,2025-02-27,0.431,0,17.3
ACQ-0090,MET-KA-0090,Metro Rail Project 90,Metro Rail,Ministry of Housing and Urban Affairs,National Highways Authority of India,Karnataka,Bengaluru Urban,Bengaluru Urban Taluk,Bengaluru Urban Village 6,12.94159,77.35896,178.29,121.29,68.0,789,82,Completed,2022-11-30,In Progress,80.6,Approved,11,Completed,2023-05-19,133001252.0,53578883.0,79422369.0,1,None,In Progress,44.5,In Progress,57.2,69.6,82.3,Compensation,2026-05-27,,2022-10-31,0.328,0,18.6
ACQ-0091,URB-MA-0091,Urban Housing Project 91,Urban Housing,Ministry of Housing and Urban Affairs,State Industrial Development Corporation,Madhya Pradesh,Bhopal,Bhopal Taluk,Bhopal Village 7,22.99321,77.45795,14.82,7.99,53.9,100,14,Completed,2022-04-16,In Progress,23.8,Approved,65,Completed,2022-10-03,5725438.0,2178985.0,3546453.0,1,None,In Progress,27.3,In Progress,44.2,72.5,78.3,Award,2026-05-17,,2022-03-17,0.357,0,19.9
ACQ-0092,URB-WE-0092,Urban Housing Project 92,Urban Housing,Ministry of Housing and Urban Affairs,State Road Development Corporation,West Bengal,Kolkata,Kolkata Taluk,Kolkata Village 1,22.39968,88.57896,4.39,3.38,77.0,90,43,Completed,2023-02-11,In Progress,88.6,Approved,0,Completed,2023-07-31,2607523.0,1900906.0,706617.0,0,None,In Progress,76.0,In Progress,68.0,45.8,60.7,Possession,2027-06-01,,2023-01-12,0.432,0,15.6
ACQ-0093,STA-TA-0093,State Highway Project 93,State Highway,State Public Works Department,National Highways Authority of India,Tamil Nadu,Madurai,Madurai Taluk,Madurai Village 2,10.00466,78.24584,13.23,11.44,86.4,27,7,Completed,2024-03-07,In Progress,90.8,Approved,8,Completed,2024-08-24,7187174.0,6605886.0,581288.0,1,Low,In Progress,46.8,In Progress,80.7,94.4,55.8,Rehabilitation,2027-12-02,,2024-02-06,0.282,0,7.4
ACQ-0094,WAT-UT-0094,Water Reservoir Project 94,Water Reservoir,Ministry of Jal Shakti,State Industrial Development Corporation,Uttar Pradesh,Kanpur,Kanpur Taluk,Kanpur Village 3,26.41431,80.37035,31.3,9.16,29.3,30,7,Pending,,Not Started,7.8,Pending,129,Pending,,12290743.0,2274554.0,10016189.0,1,Low,In Progress,15.3,In Progress,16.1,67.8,81.5,Scrutiny,2030-04-04,,2026-03-07,0.349,1,185.5
ACQ-0095,URB-RA-0095,Urban Housing Project 95,Urban Housing,Ministry of Housing and Urban Affairs,National Highways Authority of India,Rajasthan,Jaisalmer,Jaisalmer Taluk,Jaisalmer Village 4,27.14006,70.82963,4.45,1.63,36.5,224,65,Completed,2024-07-28,In Progress,58.9,Approved,3,Not Started,,1606638.0,721607.0,885031.0,0,None,In Progress,30.3,In Progress,22.4,94.8,46.0,Survey,2026-11-07,,2024-06-28,0.249,0,14.6
ACQ-0096,STA-PU-0096,State Highway Project 96,State Highway,State Public Works Department,State Power Transmission Corporation,Punjab,Amritsar,Amritsar Taluk,Amritsar Village 5,31.40552,74.7725,22.57,0.0,0.0,32,3,In Progress,,In Progress,13.8,Pending,4,Not Started,,0.0,0.0,0.0,0,None,In Progress,7.8,In Progress,6.7,44.4,90.4,Proposal,2028-01-22,,2023-08-29,0.274,1,83.0
ACQ-0097,IND-MA-0097,Industrial Corridor Project 97,Industrial Corridor,Ministry of Commerce and Industry,State Housing Board,Maharashtra,Aurangabad,Aurangabad Taluk,Aurangabad Village 6,19.74237,75.42272,34.49,26.16,75.9,22,6,Completed,2024-07-08,In Progress,54.4,Approved,10,Completed,2024-12-25,45534447.0,25147366.0,20387081.0,1,None,In Progress,65.7,In Progress,71.6,78.2,69.0,Legal,2028-04-11,,2024-06-08,0.491,0,14.3
ACQ-0098,URB-KE-0098,Urban Housing Project 98,Urban Housing,Ministry of Housing and Urban Affairs,State Housing Board,Kerala,Thiruvananthapuram,Thiruvananthapuram Taluk,Thiruvananthapuram Village 7,8.52237,76.92699,117.71,76.36,64.9,152,17,Completed,2023-01-18,In Progress,51.7,Approved,0,Completed,2023-07-07,57096416.0,19912039.0,37184377.0,1,Medium,In Progress,29.3,In Progress,33.9,58.8,66.7,Award,2026-11-11,,2022-12-19,0.474,0,26.3
ACQ-0099,IND-OD-0099,Industrial Corridor Project 99,Industrial Corridor,Ministry of Commerce and Industry,State Industrial Development Corporation,Odisha,Cuttack,Cuttack Taluk,Cuttack Village 1,20.27435,85.76551,25.48,22.24,87.3,61,13,Completed,2025-02-25,In Progress,85.5,Approved,27,Completed,2025-08-14,23042499.0,17149791.0,5892708.0,0,None,In Progress,75.5,In Progress,49.0,72.2,78.2,Possession,2028-01-17,,2025-01-26,0.291,0,14.9
ACQ-0100,POR-MA-0100,Port Expansion Project 100,Port Expansion,"Ministry of Ports, Shipping and Waterways",State Industrial Development Corporation,Maharashtra,Nagpur,Nagpur Taluk,Nagpur Village 2,21.14792,78.98654,14.98,12.62,84.3,23,7,Completed,2024-03-06,In Progress,60.3,Approved,30,Completed,2024-08-23,17152953.0,7132893.0,10020060.0,1,Low,In Progress,47.3,In Progress,48.0,36.3,43.2,Legal,2028-10-16,,2024-02-05,0.323,1,149.3
ACQ-0101,IND-PU-0101,Industrial Corridor Project 101,Industrial Corridor,Ministry of Commerce and Industry,National Highways Authority of India,Punjab,Amritsar,Amritsar Taluk,Amritsar Village 3,31.42549,75.02973,2.89,1.25,43.3,74,18,Completed,2025-07-12,In Progress,49.9,Approved,16,Completed,2025-12-29,780639.0,399348.0,381291.0,0,None,In Progress,50.0,In Progress,25.1,73.4,86.3,Award,2028-06-26,,2025-06-12,0.217,0,16.5
ACQ-0102,POR-WE-0102,Port Expansion Project 102,Port Expansion,"Ministry of Ports, Shipping and Waterways",State Industrial Development Corporation,West Bengal,Kolkata,Kolkata Taluk,Kolkata Village 4,22.35736,88.44998,21.2,8.63,40.7,37,4,Completed,2024-09-20,In Progress,70.5,Approved,10,Not Started,,9987214.0,4324824.0,5662390.0,1,None,In Progress,36.4,In Progress,26.7,63.1,51.7,Survey,2029-02-26,,2024-08-21,0.33,0,18.2
ACQ-0103,AIR-OD-0103,Airport Expansion Project 103,Airport Expansion,Ministry of Civil Aviation,National Highways Authority of India,Odisha,Cuttack,Cuttack Taluk,Cuttack Village 5,20.55767,85.88574,5.76,3.0,52.1,70,52,Completed,2022-05-29,In Progress,57.9,Approved,32,Completed,2022-11-15,4649831.0,2658423.0,1991408.0,1,None,In Progress,53.2,In Progress,33.6,92.0,68.7,Award,2024-11-07,,2022-04-29,0.283,0,14.7
ACQ-0104,POR-GU-0104,Port Expansion Project 104,Port Expansion,"Ministry of Ports, Shipping and Waterways",State Industrial Development Corporation,Gujarat,Vadodara,Vadodara Taluk,Vadodara Village 6,22.38442,73.19664,29.71,17.58,59.2,61,22,Completed,2022-11-11,In Progress,71.1,Approved,7,Completed,2023-04-30,16200789.0,5615263.0,10585526.0,1,Low,In Progress,59.4,In Progress,48.3,91.4,64.8,Compensation,2026-09-24,,2022-10-12,0.403,0,20.4
ACQ-0105,NAT-MA-0105,National Highway Project 105,National Highway,Ministry of Road Transport and Highways,State Road Development Corporation,Madhya Pradesh,Gwalior,Gwalior Taluk,Gwalior Village 7,26.43837,78.19257,100.53,39.85,39.6,33,13,Completed,2024-03-03,In Progress,39.9,Approved,42,Not Started,,58268728.0,18818700.0,39450028.0,3,Medium,In Progress,21.6,In Progress,23.0,87.8,67.5,Notification,2025-10-28,,2024-02-02,0.35,0,26.2
ACQ-0106,POR-RA-0106,Port Expansion Project 106,Port Expansion,"Ministry of Ports, Shipping and Waterways",State Power Transmission Corporation,Rajasthan,Udaipur,Udaipur Taluk,Udaipur Village 1,24.61334,73.6381,77.94,32.8,42.1,199,97,Completed,2026-06-09,In Progress,56.1,Approved,18,Not Started,,28021582.0,8599858.0,19421724.0,1,None,In Progress,28.7,In Progress,32.6,92.7,49.5,Survey,2028-05-16,,2026-05-10,0.28,1,128.0
ACQ-0107,IRR-MA-0107,Irrigation Canal Project 107,Irrigation Canal,Ministry of Jal Shakti,State Metro Rail Corporation,Madhya Pradesh,Jabalpur,Jabalpur Taluk,Jabalpur Village 2,22.88561,80.04245,5.13,1.9,37.1,58,23,Completed,2026-06-24,In Progress,40.4,Approved,5,Pending,,2294028.0,453564.0,1840464.0,0,None,In Progress,40.0,In Progress,19.2,71.1,73.6,Notification,2028-10-23,,2026-05-25,0.285,0,23.0
ACQ-0108,WAT-WE-0108,Water Reservoir Project 108,Water Reservoir,Ministry of Jal Shakti,Rail Land Development Authority,West Bengal,Bardhaman,Bardhaman Taluk,Bardhaman Village 3,23.29008,88.07471,72.37,12.14,16.8,129,45,In Progress,,In Progress,51.5,Pending,125,Not Started,,14831573.0,3549941.0,11281632.0,4,Medium,In Progress,17.4,In Progress,19.6,67.8,49.8,Approval,2029-06-04,,2024-09-22,0.325,1,202.3
ACQ-0109,STA-TE-0109,State Highway Project 109,State Highway,State Public Works Department,State Industrial Development Corporation,Telangana,Warangal,Warangal Taluk,Warangal Village 4,17.98021,79.40848,74.66,33.59,45.0,22,6,Completed,2025-04-07,In Progress,56.6,Approved,21,Not Started,,34840918.0,11833805.0,23007113.0,1,None,In Progress,18.6,In Progress,30.7,74.6,60.0,Notification,2029-10-20,,2025-03-08,0.392,1,135.6
ACQ-0110,IRR-KA-0110,Irrigation Canal Project 110,Irrigation Canal,Ministry of Jal Shakti,National Highways Authority of India,Karnataka,Bengaluru Urban,Bengaluru Urban Taluk,Bengaluru Urban Village 5,12.79735,77.85332,118.28,113.87,96.3,64,18,Completed,2022-09-11,In Progress,86.4,Approved,35,Completed,2023-02-28,186807243.0,117282226.0,69525017.0,1,Low,Completed,98.2,Completed,99.8,75.3,83.5,Closure,2026-12-17,,2022-08-12,0.27,0,12.9
ACQ-0111,SOL-KE-0111,Solar Park Project 111,Solar Park,Ministry of New and Renewable Energy,State Housing Board,Kerala,Kochi,Kochi Taluk,Kochi Village 6,9.83006,76.24335,12.68,1.59,12.5,15,3,Pending,,In Progress,15.3,Pending,89,Not Started,,2790237.0,398665.0,2391572.0,2,Low,In Progress,12.4,In Progress,8.4,79.2,58.3,Scrutiny,2027-12-23,,2023-10-27,0.354,1,182.9
ACQ-0112,RAI-MA-0112,Railway Corridor Project 112,Railway Corridor,Ministry of Railways,National Highways Authority of India,Madhya Pradesh,Jabalpur,Jabalpur Taluk,Jabalpur Village 7,23.15748,80.02546,8.47,2.29,27.0,74,4,Completed,2024-04-14,In Progress,13.7,Approved,31,Not Started,,1098674.0,308466.0,790208.0,2,None,In Progress,32.7,In Progress,30.7,63.4,51.2,Notification,2028-06-29,,2024-03-15,0.277,0,21.4
ACQ-0113,POR-MA-0113,Port Expansion Project 113,Port Expansion,"Ministry of Ports, Shipping and Waterways",State Road Development Corporation,Maharashtra,Aurangabad,Aurangabad Taluk,Aurangabad Village 1,20.13562,75.48272,17.0,8.5,50.0,32,16,Completed,2021-12-19,In Progress,86.5,Approved,12,Completed,2022-06-07,11072468.0,4575659.0,6496809.0,1,Low,In Progress,57.1,In Progress,25.4,90.0,68.4,Compensation,2025-02-15,,2021-11-19,0.462,1,149.6
ACQ-0114,URB-TA-0114,Urban Housing Project 114,Urban Housing,Ministry of Housing and Urban Affairs,State Metro Rail Corporation,Tamil Nadu,Coimbatore,Coimbatore Taluk,Coimbatore Village 2,10.9675,76.81059,14.41,4.0,27.7,81,14,Pending,,In Progress,24.0,Pending,15,Pending,,2821962.0,548049.0,2273913.0,1,Low,In Progress,9.1,In Progress,16.5,60.8,48.1,Scrutiny,2029-12-08,,2025-05-15,0.263,1,167.4
ACQ-0115,AIR-UT-0115,Airport Expansion Project 115,Airport Expansion,Ministry of Civil Aviation,Central Warehousing Corporation,Uttar Pradesh,Noida,Noida Taluk,Noida Village 3,28.43983,77.05427,2.94,1.46,49.7,111,25,Completed,2025-06-15,In Progress,71.2,Approved,3,Completed,2025-12-02,646268.0,223100.0,423168.0,1,Low,In Progress,47.4,In Progress,51.1,30.1,15.9,Award,2026-07-26,,2025-05-16,0.398,0,24.8
ACQ-0116,IRR-OD-0116,Irrigation Canal Project 116,Irrigation Canal,Ministry of Jal Shakti,National Highways Authority of India,Odisha,Cuttack,Cuttack Taluk,Cuttack Village 4,20.39636,85.79453,34.11,17.57,51.5,144,44,Completed,2023-09-04,In Progress,57.2,Approved,26,Completed,2024-02-21,12856086.0,7692777.0,5163309.0,2,Medium,In Progress,34.3,In Progress,19.9,54.7,62.0,Compensation,2027-04-04,,2023-08-05,0.29,1,158.0
ACQ-0117,IRR-GU-0117,Irrigation Canal Project 117,Irrigation Canal,Ministry of Jal Shakti,State Road Development Corporation,Gujarat,Surat,Surat Taluk,Surat Village 5,21.30037,72.76167,10.08,3.52,34.9,162,33,Pending,,In Progress,17.4,Pending,113,Pending,,6018068.0,1018793.0,4999275.0,2,None,In Progress,15.1,In Progress,11.3,57.9,9.7,Approval,2028-04-20,,2023-10-02,0.459,1,188.6
ACQ-0118,WAT-UT-0118,Water Reservoir Project 118,Water Reservoir,Ministry of Jal Shakti,State Housing Board,Uttar Pradesh,Kanpur,Kanpur Taluk,Kanpur Village 6,26.53491,80.43485,46.31,12.7,27.4,15,0,Completed,2023-02-04,In Progress,23.1,Approved,3,Pending,,8362765.0,2196731.0,6166034.0,2,None,In Progress,34.2,In Progress,24.4,95.0,56.7,Notification,2026-08-07,,2023-01-05,0.436,0,20.1
ACQ-0119,STA-RA-0119,State Highway Project 119,State Highway,State Public Works Department,State Industrial Development Corporation,Rajasthan,Jodhpur,Jodhpur Taluk,Jodhpur Village 7,26.34727,73.30641,55.14,49.17,89.2,159,45,Completed,2026-05-03,In Progress,78.6,Approved,70,Completed,2026-10-20,34447236.0,17026399.0,17420837.0,2,Medium,In Progress,81.4,In Progress,61.1,68.8,89.0,Rehabilitation,2029-12-21,,2026-04-03,0.337,1,150.7
ACQ-0120,POW-PU-0120,Power Transmission Line Project 120,Power Transmission Line,Ministry of Power,State Road Development Corporation,Punjab,Ludhiana,Ludhiana Taluk,Ludhiana Village 1,30.67192,75.82491,5.95,3.56,59.8,13,5,Completed,2026-01-08,In Progress,70.5,Approved,8,Completed,2026-06-27,5439681.0,2116481.0,3323200.0,0,None,In Progress,30.0,In Progress,34.2,83.2,66.7,Award,2030-08-09,,2025-12-09,0.441,0,18.8
ACQ-0121,IRR-PU-0121,Irrigation Canal Project 121,Irrigation Canal,Ministry of Jal Shakti,Rail Land Development Authority,Punjab,Ludhiana,Ludhiana Taluk,Ludhiana Village 2,30.87198,75.91041,173.67,31.2,18.0,46,5,Pending,,In Progress,38.9,Pending,4,Not Started,,30723694.0,3215559.0,27508135.0,3,Medium,In Progress,13.0,In Progress,12.5,72.2,80.0,Scrutiny,2028-03-10,,2024-07-15,0.336,1,169.7
ACQ-0122,POR-OD-0122,Port Expansion Project 122,Port Expansion,"Ministry of Ports, Shipping and Waterways",State Road Development Corporation,Odisha,Cuttack,Cuttack Taluk,Cuttack Village 3,20.37667,85.91066,7.37,3.79,51.4,98,32,Completed,2025-11-21,In Progress,51.0,Approved,14,Completed,2026-05-10,2743706.0,1237029.0,1506677.0,2,None,In Progress,56.3,In Progress,52.0,65.4,45.9,Award,2030-01-29,,2025-10-22,0.459,1,123.0
ACQ-0123,AIR-UT-0123,Airport Expansion Project 123,Airport Expansion,Ministry of Civil Aviation,State Housing Board,Uttar Pradesh,Varanasi,Varanasi Taluk,Varanasi Village 4,25.40296,83.15008,28.23,8.39,29.7,26,5,Completed,2025-04-27,In Progress,22.0,Approved,15,Pending,,7175931.0,1714151.0,5461780.0,1,Medium,In Progress,49.4,In Progress,44.4,86.4,81.7,Survey,2030-02-16,,2025-03-28,0.479,1,145.5
ACQ-0124,URB-KE-0124,Urban Housing Project 124,Urban Housing,Ministry of Housing and Urban Affairs,State Metro Rail Corporation,Kerala,Thiruvananthapuram,Thiruvananthapuram Taluk,Thiruvananthapuram Village 5,8.53102,76.88954,88.44,15.74,17.8,109,10,Pending,,Not Started,0.0,Pending,11,Pending,,10062755.0,706034.0,9356721.0,2,High,In Progress,6.7,Not Started,3.4,54.9,73.3,Proposal,2029-07-27,,2026-04-26,0.28,1,210.4
ACQ-0125,URB-PU-0125,Urban Housing Project 125,Urban Housing,Ministry of Housing and Urban Affairs,National Highways Authority of India,Punjab,Amritsar,Amritsar Taluk,Amritsar Village 6,31.61407,74.81619,22.61,16.11,71.3,75,8,Completed,2022-02-26,In Progress,76.9,Approved,14,Completed,2022-08-15,12651744.0,8843663.0,3808081.0,0,None,In Progress,75.8,In Progress,40.9,74.5,74.3,Legal,2023-06-12,,2022-01-27,0.244,0,13.3
ACQ-0126,AIR-TA-0126,Airport Expansion Project 126,Airport Expansion,Ministry of Civil Aviation,State Housing Board,Tamil Nadu,Salem,Salem Taluk,Salem Village 7,11.36218,78.0585,48.3,40.91,84.7,72,18,Completed,2022-05-14,In Progress,71.3,Approved,3,Completed,2022-10-31,49124492.0,45709492.0,3415000.0,1,None,In Progress,53.6,In Progress,44.3,90.4,74.6,Rehabilitation,2026-10-20,,2022-04-14,0.384,0,10.0
ACQ-0127,SOL-OD-0127,Solar Park Project 127,Solar Park,Ministry of New and Renewable Energy,State Housing Board,Odisha,Cuttack,Cuttack Taluk,Cuttack Village 1,20.5764,85.72967,11.56,10.2,88.3,46,16,Completed,2024-08-17,In Progress,86.8,Approved,24,Completed,2025-02-03,9227576.0,8640020.0,587556.0,0,None,In Progress,54.9,Completed,99.5,60.8,82.4,Closure,2027-03-23,,2024-07-18,0.359,0,7.2
ACQ-0128,POW-MA-0128,Power Transmission Line Project 128,Power Transmission Line,Ministry of Power,State Power Transmission Corporation,Madhya Pradesh,Jabalpur,Jabalpur Taluk,Jabalpur Village 2,23.28691,79.70753,16.91,8.28,49.0,87,18,Completed,2022-12-04,In Progress,49.0,Approved,30,Pending,,3777290.0,1851634.0,1925656.0,2,Medium,In Progress,43.6,In Progress,21.7,74.8,63.6,Survey,2024-09-23,,2022-11-04,0.247,0,22.1
ACQ-0129,WAT-WE-0129,Water Reservoir Project 129,Water Reservoir,Ministry of Jal Shakti,State Housing Board,West Bengal,Durgapur,Durgapur Taluk,Durgapur Village 3,23.47133,87.15248,52.33,24.77,47.3,137,57,Completed,2026-05-07,In Progress,26.2,Approved,11,Not Started,,42118991.0,10962907.0,31156084.0,1,Medium,In Progress,20.0,In Progress,17.5,92.6,72.2,Notification,2030-10-05,,2026-04-07,0.387,1,184.4
ACQ-0130,POR-TE-0130,Port Expansion Project 130,Port Expansion,"Ministry of Ports, Shipping and Waterways",State Road Development Corporation,Telangana,Hyderabad,Hyderabad Taluk,Hyderabad Village 4,17.63333,78.78267,11.32,4.12,36.4,87,14,Completed,2024-09-02,In Progress,45.6,Approved,22,Not Started,,3340063.0,1022127.0,2317936.0,6,Low,In Progress,18.2,In Progress,17.8,91.4,92.5,Notification,2028-06-14,,2024-08-03,0.382,0,22.1
ACQ-0131,SOL-UT-0131,Solar Park Project 131,Solar Park,Ministry of New and Renewable Energy,State Housing Board,Uttar Pradesh,Lucknow,Lucknow Taluk,Lucknow Village 5,26.89307,80.89337,32.35,11.35,35.1,37,10,Completed,2023-05-03,In Progress,52.8,Approved,1,Pending,,13261589.0,4502830.0,8758759.0,2,Low,In Progress,25.3,In Progress,23.7,76.1,75.8,Survey,2025-06-28,,2023-04-03,0.534,0,26.4
ACQ-0132,SOL-OD-0132,Solar Park Project 132,Solar Park,Ministry of New and Renewable Energy,State Housing Board,Odisha,Cuttack,Cuttack Taluk,Cuttack Village 6,20.31817,85.93078,9.6,7.15,74.5,29,9,Completed,2025-06-22,In Progress,93.9,Approved,17,Completed,2025-12-09,4728266.0,1776790.0,2951476.0,1,None,In Progress,63.3,In Progress,65.1,74.5,51.9,Legal,2028-11-23,,2025-05-23,0.405,0,17.4
ACQ-0133,IRR-TE-0133,Irrigation Canal Project 133,Irrigation Canal,Ministry of Jal Shakti,State Housing Board,Telangana,Hyderabad,Hyderabad Taluk,Hyderabad Village 7,17.68563,78.48708,10.62,8.74,82.3,156,28,Completed,2022-02-18,Completed,97.8,Approved,18,Completed,2022-08-07,9200198.0,5214492.0,3985706.0,2,Low,Completed,95.2,In Progress,28.6,72.6,92.1,Rehabilitation,2024-01-14,,2022-01-19,0.337,0,19.7
ACQ-0134,WAT-KA-0134,Water Reservoir Project 134,Water Reservoir,Ministry of Jal Shakti,Rail Land Development Authority,Karnataka,Bengaluru Urban,Bengaluru Urban Taluk,Bengaluru Urban Village 1,12.79323,77.6227,9.22,3.29,35.7,99,27,Completed,2024-09-03,In Progress,11.6,Approved,9,Pending,,1846363.0,721175.0,1125188.0,1,Low,In Progress,32.6,In Progress,22.2,63.7,39.6,Notification,2026-12-02,,2024-08-04,0.323,0,24.1
ACQ-0135,STA-MA-0135,State Highway Project 135,State Highway,State Public Works Department,State Housing Board,Maharashtra,Pune,Pune Taluk,Pune Village 2,18.47803,73.71532,40.69,38.32,94.2,517,354,Completed,2022-08-22,Completed,100.0,Approved,13,Completed,2023-02-08,19581229.0,16992647.0,2588582.0,2,Low,In Progress,58.6,In Progress,40.6,95.9,51.6,Closure,2026-08-20,,2022-07-23,0.564,0,15.2
ACQ-0136,WAT-TA-0136,Water Reservoir Project 136,Water Reservoir,Ministry of Jal Shakti,State Metro Rail Corporation,Tamil Nadu,Salem,Salem Taluk,Salem Village 3,11.59934,78.17932,22.22,12.89,58.0,7,2,Completed,2022-10-11,In Progress,46.4,Approved,10,Completed,2023-03-30,16776840.0,6841461.0,9935379.0,0,None,In Progress,46.9,In Progress,50.8,74.5,41.9,Award,2025-11-14,,2022-09-11,0.37,0,16.0
ACQ-0137,POR-RA-0137,Port Expansion Project 137,Port Expansion,"Ministry of Ports, Shipping and Waterways",State Housing Board,Rajasthan,Jodhpur,Jodhpur Taluk,Jodhpur Village 4,26.30663,73.1852,39.12,18.44,47.1,117,46,Completed,2022-08-03,In Progress,42.4,Approved,15,Pending,,12147788.0,2379781.0,9768007.0,3,Low,In Progress,32.7,In Progress,12.9,64.0,64.6,Notification,2024-01-28,,2022-07-04,0.331,1,168.7
ACQ-0138,STA-OD-0138,State Highway Project 138,State Highway,State Public Works Department,State Metro Rail Corporation,Odisha,Bhubaneswar,Bhubaneswar Taluk,Bhubaneswar Village 5,20.2492,85.71085,24.77,18.27,73.7,38,15,Completed,2026-07-26,Completed,98.0,Approved,0,Completed,2027-01-12,31504043.0,23998233.0,7505810.0,0,None,In Progress,39.7,In Progress,30.5,77.8,37.8,Legal,2030-02-12,,2026-06-26,0.205,0,11.5
ACQ-0139,AIR-UT-0139,Airport Expansion Project 139,Airport Expansion,Ministry of Civil Aviation,State Metro Rail Corporation,Uttar Pradesh,Varanasi,Varanasi Taluk,Varanasi Village 6,25.15297,83.23553,1.75,1.39,79.2,81,36,Completed,2025-09-22,In Progress,62.6,Approved,1,Completed,2026-03-11,904396.0,753564.0,150832.0,1,None,In Progress,64.2,In Progress,77.4,77.4,68.4,Possession,2029-10-12,,2025-08-23,0.326,0,7.6
ACQ-0140,RAI-RA-0140,Railway Corridor Project 140,Railway Corridor,Ministry of Railways,State Housing Board,Rajasthan,Jodhpur,Jodhpur Taluk,Jodhpur Village 7,26.23085,73.20312,10.21,6.97,68.2,15,4,Completed,2025-10-26,In Progress,45.0,Approved,9,Completed,2026-04-14,8141126.0,3382774.0,4758352.0,2,None,In Progress,49.4,In Progress,31.5,57.7,33.9,Award,2028-08-02,,2025-09-26,0.363,0,18.7
ACQ-0141,POR-TE-0141,Port Expansion Project 141,Port Expansion,"Ministry of Ports, Shipping and Waterways",State Power Transmission Corporation,Telangana,Warangal,Warangal Taluk,Warangal Village 1,18.29438,79.83917,48.37,36.43,75.3,70,29,Completed,2022-02-06,In Progress,87.0,Approved,15,Completed,2022-07-26,55182017.0,44145099.0,11036918.0,1,High,In Progress,47.4,In Progress,39.5,96.1,72.5,Possession,2023-09-14,,2022-01-07,0.333,0,19.1
ACQ-0142,MET-GU-0142,Metro Rail Project 142,Metro Rail,Ministry of Housing and Urban Affairs,Central Warehousing Corporation,Gujarat,Vadodara,Vadodara Taluk,Vadodara Village 2,22.25598,73.05632,23.06,3.67,15.9,496,348,In Progress,,In Progress,20.3,Pending,57,Not Started,,5630608.0,398897.0,5231711.0,3,Low,In Progress,6.0,Not Started,4.0,67.6,56.4,Proposal,2028-09-20,,2025-09-08,0.41,1,201.7
ACQ-0143,POR-PU-0143,Port Expansion Project 143,Port Expansion,"Ministry of Ports, Shipping and Waterways",National Highways Authority of India,Punjab,Ludhiana,Ludhiana Taluk,Ludhiana Village 3,30.79565,75.72228,84.74,12.72,15.0,192,70,In Progress,,In Progress,30.2,Pending,68,Pending,,17180818.0,3453754.0,13727064.0,4,High,In Progress,11.6,In Progress,16.9,77.5,84.6,Scrutiny,2026-05-15,,2024-07-19,0.241,1,206.1
ACQ-0144,AIR-MA-0144,Airport Expansion Project 144,Airport Expansion,Ministry of Civil Aviation,State Housing Board,Madhya Pradesh,Bhopal,Bhopal Taluk,Bhopal Village 4,23.4223,77.4151,27.42,2.1,7.7,105,31,Pending,,Not Started,0.0,Pending,70,Not Started,,2984171.0,237049.0,2747122.0,1,Medium,In Progress,6.2,In Progress,5.4,83.5,67.6,Proposal,2028-09-09,,2024-09-27,0.418,1,207.0
ACQ-0145,POR-TA-0145,Port Expansion Project 145,Port Expansion,"Ministry of Ports, Shipping and Waterways",State Metro Rail Corporation,Tamil Nadu,Chennai,Chennai Taluk,Chennai Village 5,12.85377,80.09645,23.97,9.5,39.6,56,10,Completed,2023-06-07,In Progress,48.0,Approved,35,Not Started,,15201171.0,6889054.0,8312117.0,0,None,In Progress,41.6,In Progress,43.7,40.7,54.1,Survey,2027-04-20,,2023-05-08,0.304,0,18.9
ACQ-0146,IND-PU-0146,Industrial Corridor Project 146,Industrial Corridor,Ministry of Commerce and Industry,Central Warehousing Corporation,Punjab,Ludhiana,Ludhiana Taluk,Ludhiana Village 6,30.9511,75.98253,16.02,16.02,100.0,38,10,Completed,2022-05-26,Completed,97.6,Approved,34,Completed,2022-11-12,15006831.0,9144879.0,5861952.0,2,Low,In Progress,93.2,In Progress,65.8,71.4,47.2,Closure,2026-03-01,,2022-04-26,0.453,0,18.5
ACQ-0147,URB-MA-0147,Urban Housing Project 147,Urban Housing,Ministry of Housing and Urban Affairs,State Road Development Corporation,Madhya Pradesh,Bhopal,Bhopal Taluk,Bhopal Village 7,23.22686,77.27078,26.38,9.99,37.9,21,8,Completed,2022-11-05,In Progress,40.1,Approved,8,Not Started,,5943607.0,1095709.0,4847898.0,3,High,In Progress,25.7,In Progress,24.2,83.1,68.5,Notification,2024-07-12,,2022-10-06,0.338,1,203.2
ACQ-0148,POW-KE-0148,Power Transmission Line Project 148,Power Transmission Line,Ministry of Power,State Road Development Corporation,Kerala,Kochi,Kochi Taluk,Kochi Village 1,9.66204,76.34453,71.51,45.14,63.1,9,4,Completed,2026-01-07,In Progress,82.2,Approved,7,Completed,2026-06-26,21514888.0,9900876.0,11614012.0,1,Medium,In Progress,36.4,In Progress,68.4,83.0,69.2,Legal,2028-12-12,,2025-12-08,0.428,1,135.3
ACQ-0149,RAI-MA-0149,Railway Corridor Project 149,Railway Corridor,Ministry of Railways,State Metro Rail Corporation,Maharashtra,Aurangabad,Aurangabad Taluk,Aurangabad Village 2,19.69498,75.11655,105.17,102.4,97.4,66,16,Completed,2024-12-09,In Progress,67.3,Approved,12,Completed,2025-05-28,164456854.0,158913640.0,5543214.0,0,None,In Progress,87.9,In Progress,56.6,69.1,92.7,Rehabilitation,2025-11-19,,2024-11-09,0.324,0,8.1
ACQ-0150,NAT-KA-0150,National Highway Project 150,National Highway,Ministry of Road Transport and Highways,State Metro Rail Corporation,Karnataka,Belagavi,Belagavi Taluk,Belagavi Village 3,15.7656,74.28683,14.63,6.04,41.3,186,31,Completed,2025-12-30,In Progress,48.3,Approved,6,Not Started,,5945490.0,2013260.0,3932230.0,3,None,In Progress,25.6,In Progress,44.0,78.6,62.0,Survey,2027-03-11,,2025-11-30,0.324,1,127.0
ACQ-0151,URB-TE-0151,Urban Housing Project 151,Urban Housing,Ministry of Housing and Urban Affairs,Rail Land Development Authority,Telangana,Warangal,Warangal Taluk,Warangal Village 4,18.00716,79.79549,44.09,10.57,24.0,92,12,Pending,,In Progress,28.1,Pending,151,Not Started,,16356809.0,4805888.0,11550921.0,0,None,In Progress,18.3,In Progress,13.7,87.1,47.7,Approval,2025-01-14,,2023-06-06,0.383,1,153.8
ACQ-0152,POR-OD-0152,Port Expansion Project 152,Port Expansion,"Ministry of Ports, Shipping and Waterways",Rail Land Development Authority,Odisha,Bhubaneswar,Bhubaneswar Taluk,Bhubaneswar Village 5,20.42162,85.69153,27.05,7.1,26.2,14,3,Completed,2025-11-17,In Progress,31.6,Approved,71,Not Started,,6633268.0,2421511.0,4211757.0,1,Low,In Progress,22.4,In Progress,14.6,58.7,57.9,Notification,2029-02-19,,2025-10-18,0.279,0,22.6
ACQ-0153,POR-PU-0153,Port Expansion Project 153,Port Expansion,"Ministry of Ports, Shipping and Waterways",State Metro Rail Corporation,Punjab,Ludhiana,Ludhiana Taluk,Ludhiana Village 6,30.83354,76.03726,18.58,11.32,60.9,36,2,Completed,2025-11-19,In Progress,73.6,Approved,31,Completed,2026-05-08,7762381.0,3975846.0,3786535.0,1,None,In Progress,36.0,In Progress,58.5,93.0,67.1,Compensation,2027-12-21,,2025-10-20,0.274,0,14.5
ACQ-0154,URB-MA-0154,Urban Housing Project 154,Urban Housing,Ministry of Housing and Urban Affairs,State Metro Rail Corporation,Madhya Pradesh,Jabalpur,Jabalpur Taluk,Jabalpur Village 7,23.15069,79.98894,19.77,11.99,60.7,38,7,Completed,2022-01-02,In Progress,47.0,Approved,3,Completed,2022-06-21,20180187.0,9157519.0,11022668.0,2,Low,In Progress,68.2,In Progress,52.0,78.5,46.8,Compensation,2024-09-01,,2021-12-03,0.349,0,19.5
ACQ-0155,IRR-RA-0155,Irrigation Canal Project 155,Irrigation Canal,Ministry of Jal Shakti,State Industrial Development Corporation,Rajasthan,Jodhpur,Jodhpur Taluk,Jodhpur Village 1,25.91058,72.99568,28.31,28.31,100.0,137,34,Completed,2023-01-08,Completed,97.4,Approved,28,Completed,2023-06-27,48619290.0,44004675.0,4614615.0,3,High,In Progress,53.1,In Progress,58.1,38.8,44.3,Closure,2025-10-31,,2022-12-09,0.347,0,19.6
ACQ-0156,POW-MA-0156,Power Transmission Line Project 156,Power Transmission Line,Ministry of Power,State Power Transmission Corporation,Maharashtra,Pune,Pune Taluk,Pune Village 2,18.3804,73.72738,1.84,1.18,64.1,173,15,Completed,2022-06-11,In Progress,72.7,Approved,32,Completed,2022-11-28,1381691.0,527154.0,854537.0,5,High,In Progress,44.9,In Progress,48.0,43.3,42.5,Compensation,2023-09-15,,2022-05-12,0.326,1,193.3
ACQ-0157,SOL-RA-0157,Solar Park Project 157,Solar Park,Ministry of New and Renewable Energy,Central Warehousing Corporation,Rajasthan,Jaisalmer,Jaisalmer Taluk,Jaisalmer Village 3,26.99064,70.97423,18.54,4.84,26.1,117,27,Completed,2023-02-13,In Progress,42.6,Approved,0,Pending,,4118330.0,1293656.0,2824674.0,4,High,In Progress,38.5,In Progress,24.3,61.4,69.6,Notification,2027-08-29,,2023-01-14,0.417,1,204.6
ACQ-0158,IRR-KE-0158,Irrigation Canal Project 158,Irrigation Canal,Ministry of Jal Shakti,State Industrial Development Corporation,Kerala,Thiruvananthapuram,Thiruvananthapuram Taluk,Thiruvananthapuram Village 4,8.533,77.01594,104.3,71.11,68.2,28,8,Completed,2023-01-28,In Progress,66.6,Approved,3,Completed,2023-07-17,108602332.0,42900736.0,65701596.0,0,None,In Progress,48.5,In Progress,48.4,38.7,43.3,Compensation,2024-02-19,,2022-12-29,0.421,0,20.4
ACQ-0159,SOL-WE-0159,Solar Park Project 159,Solar Park,Ministry of New and Renewable Energy,State Industrial Development Corporation,West Bengal,Kolkata,Kolkata Taluk,Kolkata Village 5,22.25833,88.31196,126.9,84.42,66.5,33,3,Completed,2022-07-26,In Progress,68.2,Approved,11,Completed,2023-01-12,84488320.0,29500065.0,54988255.0,0,None,In Progress,63.8,In Progress,29.8,91.6,51.9,Compensation,2024-07-06,,2022-06-26,0.376,0,18.9
ACQ-0160,SOL-PU-0160,Solar Park Project 160,Solar Park,Ministry of New and Renewable Energy,State Road Development Corporation,Punjab,Ludhiana,Ludhiana Taluk,Ludhiana Village 6,30.81313,75.78235,22.46,22.46,100.0,20,0,Completed,2024-04-09,In Progress,81.5,Approved,26,Completed,2024-09-26,39367529.0,39367529.0,0.0,1,Low,In Progress,83.7,In Progress,45.4,87.7,16.4,Rehabilitation,2028-10-09,,2024-03-10,0.409,0,10.8
ACQ-0161,NAT-RA-0161,National Highway Project 161,National Highway,Ministry of Road Transport and Highways,State Power Transmission Corporation,Rajasthan,Jodhpur,Jodhpur Taluk,Jodhpur Village 7,26.37903,73.35063,11.35,7.14,62.9,87,39,Completed,2023-05-14,In Progress,77.4,Approved,1,Completed,2023-10-31,9684410.0,7790973.0,1893437.0,1,None,In Progress,61.7,In Progress,60.8,83.7,50.2,Legal,2025-06-18,,2023-04-14,0.339,0,10.6
ACQ-0162,WAT-RA-0162,Water Reservoir Project 162,Water Reservoir,Ministry of Jal Shakti,Central Warehousing Corporation,Rajasthan,Udaipur,Udaipur Taluk,Udaipur Village 1,24.62459,73.7958,12.13,1.82,15.0,64,12,Pending,,In Progress,22.6,Pending,14,Not Started,,2687568.0,569211.0,2118357.0,1,Low,In Progress,14.2,In Progress,16.7,57.0,86.2,Approval,2027-06-30,,2025-03-11,0.471,1,175.5
ACQ-0163,IRR-RA-0163,Irrigation Canal Project 163,Irrigation Canal,Ministry of Jal Shakti,State Housing Board,Rajasthan,Jaipur,Jaipur Taluk,Jaipur Village 2,27.06265,75.90554,46.96,46.96,100.0,63,6,Completed,2025-10-14,Completed,100.0,Approved,8,Completed,2026-04-02,71500180.0,55944967.0,15555213.0,1,None,Completed,100.0,In Progress,45.3,89.9,86.3,Closure,2028-02-05,,2025-09-14,0.438,0,11.5
ACQ-0164,POR-WE-0164,Port Expansion Project 164,Port Expansion,"Ministry of Ports, Shipping and Waterways",State Road Development Corporation,West Bengal,Bardhaman,Bardhaman Taluk,Bardhaman Village 3,22.9565,87.76885,21.38,7.47,34.9,88,38,Pending,,In Progress,18.5,Pending,44,Not Started,,3064898.0,793768.0,2271130.0,1,High,In Progress,19.7,In Progress,26.9,74.9,62.5,Approval,2026-10-03,,2024-03-29,0.436,0,31.9
ACQ-0165,STA-TE-0165,State Highway Project 165,State Highway,State Public Works Department,Central Warehousing Corporation,Telangana,Warangal,Warangal Taluk,Warangal Village 4,17.86513,79.59482,2.72,0.53,19.6,58,22,Pending,,In Progress,10.1,Pending,45,Not Started,,427831.0,31314.0,396517.0,2,None,In Progress,5.2,Not Started,4.6,49.3,76.1,Proposal,2025-01-24,,2022-04-05,0.334,0,28.0
ACQ-0166,URB-KE-0166,Urban Housing Project 166,Urban Housing,Ministry of Housing and Urban Affairs,Central Warehousing Corporation,Kerala,Thiruvananthapuram,Thiruvananthapuram Taluk,Thiruvananthapuram Village 5,8.51082,76.79418,65.52,53.09,81.0,27,1,Completed,2026-03-12,In Progress,79.9,Approved,13,Completed,2026-08-29,56688268.0,34924459.0,21763809.0,2,High,In Progress,71.1,In Progress,77.6,73.5,87.0,Possession,2027-09-19,,2026-02-10,0.406,0,24.6
ACQ-0167,POR-MA-0167,Port Expansion Project 167,Port Expansion,"Ministry of Ports, Shipping and Waterways",National Highways Authority of India,Maharashtra,Pune,Pune Taluk,Pune Village 6,18.42605,73.93411,1.41,0.8,56.8,26,7,Completed,2024-08-27,In Progress,73.2,Approved,43,Completed,2025-02-13,326926.0,213649.0,113277.0,1,High,In Progress,38.0,In Progress,61.9,23.9,57.1,Compensation,2026-03-27,,2024-07-28,0.19,0,26.1
ACQ-0168,SOL-WE-0168,Solar Park Project 168,Solar Park,Ministry of New and Renewable Energy,State Road Development Corporation,West Bengal,Kolkata,Kolkata Taluk,Kolkata Village 7,22.94673,88.35392,31.32,16.12,51.5,84,3,Completed,2023-10-23,In Progress,44.9,Approved,10,Completed,2024-04-10,24091207.0,12490168.0,11601039.0,2,Low,In Progress,62.7,In Progress,29.7,89.9,59.4,Compensation,2027-07-19,,2023-09-23,0.473,0,19.7
ACQ-0169,SOL-KE-0169,Solar Park Project 169,Solar Park,Ministry of New and Renewable Energy,Central Warehousing Corporation,Kerala,Thiruvananthapuram,Thiruvananthapuram Taluk,Thiruvananthapuram Village 1,8.54982,76.82643,19.34,0.02,0.1,32,5,Pending,,Not Started,9.2,Pending,142,Pending,,35065.0,5025.0,30040.0,1,None,In Progress,16.6,In Progress,8.9,87.6,72.6,Scrutiny,2024-06-21,,2021-11-10,0.371,1,172.7
ACQ-0170,STA-MA-0170,State Highway Project 170,State Highway,State Public Works Department,State Industrial Development Corporation,Madhya Pradesh,Bhopal,Bhopal Taluk,Bhopal Village 2,23.57398,77.18322,78.21,77.19,98.7,36,10,Completed,2024-11-02,In Progress,83.0,Approved,4,Completed,2025-04-21,121826724.0,57560909.0,64265815.0,2,None,In Progress,52.8,In Progress,87.9,95.5,71.3,Rehabilitation,2027-04-16,,2024-10-03,0.331,0,13.5
ACQ-0171,SOL-MA-0171,Solar Park Project 171,Solar Park,Ministry of New and Renewable Energy,Central Warehousing Corporation,Madhya Pradesh,Jabalpur,Jabalpur Taluk,Jabalpur Village 3,23.28551,79.8955,51.01,31.66,62.1,48,23,Completed,2021-11-18,In Progress,58.7,Approved,20,Completed,2022-05-07,26530063.0,9109749.0,17420314.0,1,Medium,In Progress,47.4,In Progress,33.8,89.3,54.8,Compensation,2023-09-07,,2021-10-19,0.38,0,24.5
ACQ-0172,POR-UT-0172,Port Expansion Project 172,Port Expansion,"Ministry of Ports, Shipping and Waterways",Central Warehousing Corporation,Uttar Pradesh,Lucknow,Lucknow Taluk,Lucknow Village 4,27.01259,81.19061,37.42,37.42,100.0,61,2,Completed,2022-11-21,In Progress,93.2,Approved,17,Completed,2023-05-10,42144162.0,20430631.0,21713531.0,0,None,In Progress,72.3,In Progress,47.0,91.0,55.9,Rehabilitation,2026-12-24,,2022-10-22,0.37,0,15.7
ACQ-0173,WAT-RA-0173,Water Reservoir Project 173,Water Reservoir,Ministry of Jal Shakti,State Power Transmission Corporation,Rajasthan,Jaisalmer,Jaisalmer Taluk,Jaisalmer Village 5,26.95769,70.84848,32.61,11.59,35.6,110,47,In Progress,,In Progress,28.4,Pending,5,Pending,,11694547.0,2201421.0,9493126.0,1,Medium,In Progress,25.0,In Progress,23.4,69.3,66.2,Approval,2024-10-25,,2023-07-10,0.348,0,28.6
ACQ-0174,AIR-MA-0174,Airport Expansion Project 174,Airport Expansion,Ministry of Civil Aviation,State Power Transmission Corporation,Maharashtra,Nagpur,Nagpur Taluk,Nagpur Village 6,21.05888,79.02935,12.35,0.83,6.7,84,35,In Progress,,In Progress,22.2,Pending,20,Pending,,1074643.0,140998.0,933645.0,2,High,In Progress,19.2,In Progress,5.8,69.8,57.4,Scrutiny,2028-09-25,,2026-04-25,0.324,0,32.3
ACQ-0175,SOL-MA-0175,Solar Park Project 175,Solar Park,Ministry of New and Renewable Energy,State Industrial Development Corporation,Madhya Pradesh,Bhopal,Bhopal Taluk,Bhopal Village 7,23.38703,77.49114,58.92,34.34,58.3,69,25,Completed,2022-05-05,In Progress,66.8,Approved,1,Completed,2022-10-22,60493190.0,28257318.0,32235872.0,1,Low,In Progress,57.9,In Progress,48.6,67.9,51.3,Compensation,2025-01-08,,2022-04-05,0.356,0,18.7
ACQ-0176,IND-KA-0176,Industrial Corridor Project 176,Industrial Corridor,Ministry of Commerce and Industry,State Industrial Development Corporation,Karnataka,Mangaluru,Mangaluru Taluk,Mangaluru Village 1,12.7496,74.86842,66.41,66.41,100.0,48,4,Completed,2022-08-01,Completed,100.0,Approved,3,Completed,2023-01-18,36036076.0,36036076.0,0.0,2,Medium,Completed,100.0,In Progress,60.7,97.1,44.7,Closure,2023-07-27,,2022-07-02,0.386,0,12.8
ACQ-0177,AIR-GU-0177,Airport Expansion Project 177,Airport Expansion,Ministry of Civil Aviation,State Industrial Development Corporation,Gujarat,Ahmedabad,Ahmedabad Taluk,Ahmedabad Village 2,22.92612,72.58436,13.55,8.04,59.3,180,117,Completed,2022-11-12,In Progress,72.6,Approved,15,Completed,2023-05-01,11564397.0,6909517.0,4654880.0,0,None,In Progress,45.3,In Progress,24.7,73.5,68.1,Compensation,2026-07-18,,2022-10-13,0.444,0,17.6
ACQ-0178,RAI-GU-0178,Railway Corridor Project 178,Railway Corridor,Ministry of Railways,National Highways Authority of India,Gujarat,Rajkot,Rajkot Taluk,Rajkot Village 3,22.39566,70.86749,60.26,15.32,25.4,88,33,Completed,2024-06-14,In Progress,39.8,Approved,3,Pending,,11176500.0,3338079.0,7838421.0,1,High,In Progress,21.3,In Progress,30.2,80.4,69.9,Notification,2026-12-17,,2024-05-15,0.24,0,27.0
ACQ-0179,RAI-TE-0179,Railway Corridor Project 179,Railway Corridor,Ministry of Railways,State Road Development Corporation,Telangana,Warangal,Warangal Taluk,Warangal Village 4,18.14153,79.45618,6.34,3.23,51.0,106,21,Completed,2025-10-16,In Progress,71.9,Approved,3,Completed,2026-04-04,5670775.0,2866638.0,2804137.0,2,None,In Progress,39.0,In Progress,32.6,56.2,83.9,Compensation,2030-05-03,,2025-09-16,0.447,0,18.8
ACQ-0180,MET-KA-0180,Metro Rail Project 180,Metro Rail,Ministry of Housing and Urban Affairs,State Power Transmission Corporation,Karnataka,Belagavi,Belagavi Taluk,Belagavi Village 5,15.77684,74.66115,40.3,10.35,25.7,213,71,In Progress,,Not Started,7.8,Pending,112,Pending,,18508637.0,1020247.0,17488390.0,5,None,In Progress,8.9,Not Started,3.4,73.5,85.7,Proposal,2024-12-24,,2022-12-28,0.337,1,183.7
ACQ-0181,WAT-UT-0181,Water Reservoir Project 181,Water Reservoir,Ministry of Jal Shakti,State Road Development Corporation,Uttar Pradesh,Lucknow,Lucknow Taluk,Lucknow Village 6,26.83279,80.93088,19.34,10.91,56.4,140,13,Completed,2025-12-09,In Progress,71.9,Approved,2,Completed,2026-05-28,16934557.0,6029660.0,10904897.0,2,Medium,In Progress,30.8,In Progress,17.0,68.2,91.3,Award,2030-09-11,,2025-11-09,0.493,1,176.6
ACQ-0182,POR-TE-0182,Port Expansion Project 182,Port Expansion,"Ministry of Ports, Shipping and Waterways",State Industrial Development Corporation,Telangana,Hyderabad,Hyderabad Taluk,Hyderabad Village 7,17.39212,78.40054,18.19,18.19,100.0,43,7,Completed,2025-10-04,In Progress,85.9,Approved,3,Completed,2026-03-23,32389978.0,32389978.0,0.0,0,None,In Progress,54.2,In Progress,34.0,77.9,43.2,Closure,2028-02-04,,2025-09-04,0.357,0,10.5
ACQ-0183,POR-KA-0183,Port Expansion Project 183,Port Expansion,"Ministry of Ports, Shipping and Waterways",National Highways Authority of India,Karnataka,Belagavi,Belagavi Taluk,Belagavi Village 1,15.75796,74.52944,42.34,0.34,0.8,73,13,In Progress,,In Progress,14.4,Pending,137,Not Started,,331609.0,53829.0,277780.0,2,Low,In Progress,10.1,In Progress,5.7,62.4,46.9,Scrutiny,2027-07-17,,2026-06-19,0.254,1,194.5
ACQ-0184,WAT-MA-0184,Water Reservoir Project 184,Water Reservoir,Ministry of Jal Shakti,State Housing Board,Maharashtra,Aurangabad,Aurangabad Taluk,Aurangabad Village 2,19.70432,75.68109,19.31,3.52,18.3,326,82,Pending,,In Progress,27.4,Pending,55,Not Started,,2446641.0,290869.0,2155772.0,3,Medium,In Progress,18.5,In Progress,14.0,94.8,43.8,Scrutiny,2026-04-04,,2024-04-17,0.38,0,27.5
ACQ-0185,IRR-MA-0185,Irrigation Canal Project 185,Irrigation Canal,Ministry of Jal Shakti,State Power Transmission Corporation,Maharashtra,Pune,Pune Taluk,Pune Village 3,18.51482,73.82271,45.91,21.04,45.8,129,25,Completed,2023-03-03,In Progress,48.4,Approved,10,Not Started,,31332325.0,9161939.0,22170386.0,0,None,In Progress,33.8,In Progress,43.1,55.7,35.4,Survey,2027-02-19,,2023-02-01,0.267,0,21.1
ACQ-0186,STA-MA-0186,State Highway Project 186,State Highway,State Public Works Department,State Road Development Corporation,Madhya Pradesh,Gwalior,Gwalior Taluk,Gwalior Village 4,26.32974,78.33488,117.2,84.88,72.4,36,10,Completed,2025-02-11,In Progress,74.0,Approved,4,Completed,2025-07-31,36287225.0,31815482.0,4471743.0,1,Low,In Progress,57.5,In Progress,25.0,60.2,79.0,Possession,2027-06-25,,2025-01-12,0.426,0,15.8
ACQ-0187,POW-TE-0187,Power Transmission Line Project 187,Power Transmission Line,Ministry of Power,State Housing Board,Telangana,Hyderabad,Hyderabad Taluk,Hyderabad Village 5,17.48994,78.5767,43.7,39.28,89.9,261,42,Completed,2024-03-17,Completed,97.5,Approved,29,Completed,2024-09-03,62462499.0,39064485.0,23398014.0,1,None,In Progress,53.6,In Progress,61.5,75.3,73.6,Rehabilitation,2025-05-29,,2024-02-16,0.348,0,11.9
ACQ-0188,POW-MA-0188,Power Transmission Line Project 188,Power Transmission Line,Ministry of Power,State Road Development Corporation,Madhya Pradesh,Gwalior,Gwalior Taluk,Gwalior Village 6,26.53685,78.18523,180.7,64.44,35.7,307,134,Completed,2022-07-10,In Progress,23.4,Approved,59,Not Started,,72540859.0,14439165.0,58101694.0,2,Medium,In Progress,36.0,In Progress,35.8,53.8,80.2,Notification,2026-10-20,,2022-06-10,0.425,0,28.5
ACQ-0189,SOL-WE-0189,Solar Park Project 189,Solar Park,Ministry of New and Renewable Energy,State Housing Board,West Bengal,Kolkata,Kolkata Taluk,Kolkata Village 7,22.6577,88.30447,36.3,4.68,12.9,92,18,Pending,,In Progress,26.8,Pending,16,Pending,,6547902.0,1271353.0,5276549.0,0,None,In Progress,18.5,In Progress,13.0,86.6,59.2,Scrutiny,2025-01-29,,2021-12-23,0.451,1,139.9
ACQ-0190,WAT-UT-0190,Water Reservoir Project 190,Water Reservoir,Ministry of Jal Shakti,State Power Transmission Corporation,Uttar Pradesh,Lucknow,Lucknow Taluk,Lucknow Village 1,26.96063,81.11178,17.68,9.83,55.6,35,15,Completed,2023-12-17,In Progress,80.6,Approved,15,Completed,2024-06-04,7211997.0,5995554.0,1216443.0,1,Low,In Progress,46.2,In Progress,38.2,65.4,63.3,Possession,2026-04-11,,2023-11-17,0.323,0,15.4
ACQ-0191,SOL-OD-0191,Solar Park Project 191,Solar Park,Ministry of New and Renewable Energy,State Road Development Corporation,Odisha,Cuttack,Cuttack Taluk,Cuttack Village 2,20.53605,85.87139,6.08,2.42,39.8,58,2,Completed,2026-03-13,In Progress,34.3,Approved,9,Not Started,,3596631.0,1177368.0,2419263.0,1,Medium,In Progress,43.0,In Progress,15.3,63.5,37.0,Survey,2027-11-19,,2026-02-11,0.419,0,26.9
ACQ-0192,IRR-KE-0192,Irrigation Canal Project 192,Irrigation Canal,Ministry of Jal Shakti,State Metro Rail Corporation,Kerala,Kochi,Kochi Taluk,Kochi Village 3,9.73072,76.37203,20.11,6.39,31.8,99,29,Completed,2023-07-20,In Progress,40.9,Approved,2,Pending,,2591054.0,1354002.0,1237052.0,3,None,In Progress,26.9,In Progress,22.7,71.3,84.3,Survey,2027-08-13,,2023-06-20,0.266,0,15.8
ACQ-0193,STA-MA-0193,State Highway Project 193,State Highway,State Public Works Department,State Power Transmission Corporation,Madhya Pradesh,Indore,Indore Taluk,Indore Village 4,22.39327,75.78058,13.99,11.98,85.7,6,3,Completed,2026-04-27,In Progress,89.2,Approved,0,Completed,2026-10-14,5847084.0,2974560.0,2872524.0,0,None,In Progress,77.4,In Progress,66.0,76.9,84.5,Possession,2027-10-18,,2026-03-28,0.34,0,15.1
ACQ-0194,IRR-WE-0194,Irrigation Canal Project 194,Irrigation Canal,Ministry of Jal Shakti,State Industrial Development Corporation,West Bengal,Bardhaman,Bardhaman Taluk,Bardhaman Village 5,23.23455,87.88204,14.55,14.55,100.0,250,22,Completed,2025-08-03,In Progress,65.7,Approved,2,Completed,2026-01-20,25581281.0,10764123.0,14817158.0,2,Medium,In Progress,47.6,In Progress,32.9,60.1,81.4,Possession,2026-10-16,,2025-07-04,0.349,1,165.6
ACQ-0195,URB-OD-0195,Urban Housing Project 195,Urban Housing,Ministry of Housing and Urban Affairs,State Metro Rail Corporation,Odisha,Bhubaneswar,Bhubaneswar Taluk,Bhubaneswar Village 6,20.18423,86.06143,30.8,4.37,14.2,35,3,In Progress,,Not Started,1.2,Pending,32,Not Started,,3893642.0,354798.0,3538844.0,1,High,In Progress,6.5,In Progress,5.1,82.7,63.5,Proposal,2025-05-04,,2022-03-01,0.377,1,222.4
ACQ-0196,RAI-WE-0196,Railway Corridor Project 196,Railway Corridor,Ministry of Railways,Rail Land Development Authority,West Bengal,Bardhaman,Bardhaman Taluk,Bardhaman Village 7,22.96084,87.79678,7.92,5.31,67.0,181,65,Completed,2023-06-05,In Progress,64.8,Approved,24,Completed,2023-11-22,7750994.0,4411414.0,3339580.0,0,None,In Progress,62.3,In Progress,51.2,85.8,49.1,Compensation,2027-08-18,,2023-05-06,0.24,1,93.2
ACQ-0197,RAI-UT-0197,Railway Corridor Project 197,Railway Corridor,Ministry of Railways,National Highways Authority of India,Uttar Pradesh,Lucknow,Lucknow Taluk,Lucknow Village 1,26.7949,80.90869,20.41,4.02,19.7,104,19,Pending,,Not Started,1.4,Pending,166,Not Started,,1977344.0,308148.0,1669196.0,2,Low,In Progress,13.1,In Progress,16.2,83.5,44.7,Scrutiny,2025-11-28,,2024-05-08,0.304,1,192.7
ACQ-0198,IND-WE-0198,Industrial Corridor Project 198,Industrial Corridor,Ministry of Commerce and Industry,State Metro Rail Corporation,West Bengal,Kolkata,Kolkata Taluk,Kolkata Village 2,22.55954,88.43846,21.58,17.08,79.1,51,8,Completed,2022-02-20,In Progress,85.1,Approved,10,Completed,2022-08-09,18435698.0,13483415.0,4952283.0,0,None,In Progress,55.7,In Progress,41.0,44.5,87.6,Legal,2025-11-24,,2022-01-21,0.354,0,12.5
ACQ-0199,NAT-OD-0199,National Highway Project 199,National Highway,Ministry of Road Transport and Highways,Rail Land Development Authority,Odisha,Bhubaneswar,Bhubaneswar Taluk,Bhubaneswar Village 3,20.57869,85.96562,26.69,6.56,24.6,1111,412,Pending,,In Progress,34.1,Pending,3,Pending,,2969008.0,782335.0,2186673.0,2,None,In Progress,25.8,In Progress,11.4,90.4,63.5,Approval,2025-03-05,,2021-11-01,0.341,0,19.4
ACQ-0200,POR-PU-0200,Port Expansion Project 200,Port Expansion,"Ministry of Ports, Shipping and Waterways",State Housing Board,Punjab,Amritsar,Amritsar Taluk,Amritsar Village 4,31.581,74.78668,25.07,12.97,51.8,82,18,Completed,2022-05-07,In Progress,39.8,Approved,11,Pending,,9550369.0,3496185.0,6054184.0,2,Medium,In Progress,27.2,In Progress,29.7,90.6,70.3,Survey,2025-08-15,,2022-04-07,0.477,0,22.3
ACQ-0201,POW-MA-0201,Power Transmission Line Project 201,Power Transmission Line,Ministry of Power,State Road Development Corporation,Maharashtra,Nagpur,Nagpur Taluk,Nagpur Village 5,21.07961,79.09448,18.97,4.45,23.5,168,85,Completed,2024-09-12,In Progress,16.1,Approved,9,Not Started,,6453502.0,2231059.0,4222443.0,2,Low,In Progress,25.4,In Progress,22.1,65.4,52.2,Notification,2026-05-25,,2024-08-13,0.467,0,24.0
ACQ-0202,MET-RA-0202,Metro Rail Project 202,Metro Rail,Ministry of Housing and Urban Affairs,Central Warehousing Corporation,Rajasthan,Jaisalmer,Jaisalmer Taluk,Jaisalmer Village 6,26.85157,70.62469,7.03,7.03,100.0,90,27,Completed,2024-01-24,In Progress,94.8,Approved,3,Completed,2024-07-12,12137936.0,12119144.0,18792.0,0,None,In Progress,85.4,In Progress,80.5,53.3,89.8,Closure,2026-01-13,,2023-12-25,0.407,0,9.1
ACQ-0203,MET-KA-0203,Metro Rail Project 203,Metro Rail,Ministry of Housing and Urban Affairs,State Metro Rail Corporation,Karnataka,Mangaluru,Mangaluru Taluk,Mangaluru Village 7,12.88296,74.81638,40.12,40.12,100.0,38,18,Completed,2022-08-30,In Progress,91.5,Approved,3,Completed,2023-02-16,50615411.0,38655717.0,11959694.0,0,None,In Progress,70.8,In Progress,48.6,74.5,80.1,Closure,2026-02-14,,2022-07-31,0.345,0,13.4
ACQ-0204,IRR-TA-0204,Irrigation Canal Project 204,Irrigation Canal,Ministry of Jal Shakti,State Power Transmission Corporation,Tamil Nadu,Madurai,Madurai Taluk,Madurai Village 1,10.10861,78.12487,54.9,10.31,18.8,29,12,In Progress,,In Progress,25.9,Pending,30,Not Started,,10249386.0,1797467.0,8451919.0,2,None,In Progress,11.5,In Progress,17.7,77.4,72.5,Scrutiny,2026-09-08,,2022-08-28,0.329,1,156.3
ACQ-0205,AIR-UT-0205,Airport Expansion Project 205,Airport Expansion,Ministry of Civil Aviation,State Power Transmission Corporation,Uttar Pradesh,Noida,Noida Taluk,Noida Village 2,28.48944,77.41069,41.29,8.91,21.6,76,32,Pending,,In Progress,26.9,Pending,10,Not Started,,6378940.0,739573.0,5639367.0,1,None,In Progress,9.8,In Progress,18.2,85.9,70.9,Scrutiny,2029-10-08,,2025-08-10,0.444,0,23.1
ACQ-0206,URB-MA-0206,Urban Housing Project 206,Urban Housing,Ministry of Housing and Urban Affairs,Central Warehousing Corporation,Maharashtra,Nagpur,Nagpur Taluk,Nagpur Village 3,21.02217,78.95961,24.27,15.71,64.7,1018,360,Completed,2024-09-29,In Progress,62.5,Approved,25,Completed,2025-03-18,21966036.0,10317254.0,11648782.0,0,None,In Progress,60.6,In Progress,61.6,87.3,39.6,Compensation,2027-04-25,,2024-08-30,0.35,0,14.6
ACQ-0207,IRR-KE-0207,Irrigation Canal Project 207,Irrigation Canal,Ministry of Jal Shakti,State Road Development Corporation,Kerala,Thiruvananthapuram,Thiruvananthapuram Taluk,Thiruvananthapuram Village 4,8.50127,76.94235,30.53,12.79,41.9,61,14,Completed,2023-10-26,In Progress,47.6,Approved,24,Not Started,,6667013.0,2833330.0,3833683.0,1,None,In Progress,24.1,In Progress,19.7,49.4,63.7,Survey,2026-10-30,,2023-09-26,0.433,0,21.6
ACQ-0208,WAT-OD-0208,Water Reservoir Project 208,Water Reservoir,Ministry of Jal Shakti,State Power Transmission Corporation,Odisha,Cuttack,Cuttack Taluk,Cuttack Village 5,20.43667,85.62363,83.91,15.96,19.0,257,94,Pending,,Not Started,8.9,Pending,2,Pending,,8659675.0,1532796.0,7126879.0,1,None,In Progress,14.6,In Progress,14.7,84.8,21.5,Scrutiny,2027-08-08,,2023-11-09,0.306,1,134.5
ACQ-0209,POW-UT-0209,Power Transmission Line Project 209,Power Transmission Line,Ministry of Power,State Metro Rail Corporation,Uttar Pradesh,Lucknow,Lucknow Taluk,Lucknow Village 6,26.6916,80.91146,33.38,29.8,89.3,20,10,Completed,2025-01-22,In Progress,74.7,Approved,25,Completed,2025-07-11,45051294.0,26915710.0,18135584.0,1,None,In Progress,54.3,In Progress,67.6,66.8,49.9,Legal,2026-07-04,,2024-12-23,0.234,0,13.4
ACQ-0210,AIR-TA-0210,Airport Expansion Project 210,Airport Expansion,Ministry of Civil Aviation,State Road Development Corporation,Tamil Nadu,Chennai,Chennai Taluk,Chennai Village 7,13.00448,80.3618,4.37,1.69,38.7,37,11,Completed,2025-02-10,In Progress,46.6,Approved,2,Completed,2025-07-30,1493754.0,835150.0,658604.0,0,None,In Progress,29.3,In Progress,21.4,92.5,90.5,Award,2028-10-03,,2025-01-11,0.455,0,17.4
ACQ-0211,IND-GU-0211,Industrial Corridor Project 211,Industrial Corridor,Ministry of Commerce and Industry,Rail Land Development Authority,Gujarat,Rajkot,Rajkot Taluk,Rajkot Village 1,22.39147,70.48806,48.29,13.39,27.7,94,58,Completed,2026-02-28,In Progress,52.7,Approved,6,Pending,,16063957.0,5750946.0,10313011.0,1,None,In Progress,28.2,In Progress,31.7,62.9,71.7,Notification,2028-10-18,,2026-01-29,0.337,1,123.3
ACQ-0212,SOL-TA-0212,Solar Park Project 212,Solar Park,Ministry of New and Renewable Energy,State Road Development Corporation,Tamil Nadu,Coimbatore,Coimbatore Taluk,Coimbatore Village 2,11.18232,76.84615,9.22,2.31,25.1,223,31,In Progress,,Not Started,9.2,Pending,170,Not Started,,2038425.0,336140.0,1702285.0,2,Medium,In Progress,17.5,In Progress,26.1,68.8,86.4,Approval,2026-05-24,,2025-01-20,0.385,1,221.4
ACQ-0213,SOL-OD-0213,Solar Park Project 213,Solar Park,Ministry of New and Renewable Energy,State Power Transmission Corporation,Odisha,Cuttack,Cuttack Taluk,Cuttack Village 3,20.49843,86.059,11.34,8.83,77.8,46,5,Completed,2022-02-11,In Progress,78.2,Approved,2,Completed,2022-07-31,14287248.0,10678053.0,3609195.0,0,None,In Progress,62.0,In Progress,41.0,44.9,95.9,Possession,2026-03-12,,2022-01-12,0.361,0,15.4
ACQ-0214,RAI-PU-0214,Railway Corridor Project 214,Railway Corridor,Ministry of Railways,State Housing Board,Punjab,Amritsar,Amritsar Taluk,Amritsar Village 4,31.68632,74.89514,78.43,10.87,13.9,164,16,In Progress,,In Progress,17.6,Pending,6,Not Started,,12365104.0,1207541.0,11157563.0,0,None,In Progress,11.5,In Progress,11.4,65.1,61.0,Scrutiny,2030-07-26,,2026-06-11,0.414,0,23.2
ACQ-0215,IND-RA-0215,Industrial Corridor Project 215,Industrial Corridor,Ministry of Commerce and Industry,State Road Development Corporation,Rajasthan,Jaisalmer,Jaisalmer Taluk,Jaisalmer Village 5,26.74557,70.89982,37.77,15.97,42.3,746,114,Completed,2022-04-03,In Progress,44.6,Approved,1,Not Started,,17824690.0,7110684.0,10714006.0,1,None,In Progress,26.2,In Progress,26.7,77.7,32.6,Notification,2025-08-29,,2022-03-04,0.346,0,19.1
ACQ-0216,STA-WE-0216,State Highway Project 216,State Highway,State Public Works Department,State Road Development Corporation,West Bengal,Siliguri,Siliguri Taluk,Siliguri Village 6,26.44609,88.43672,7.48,4.52,60.5,119,30,Completed,2022-02-26,In Progress,55.0,Approved,34,Completed,2022-08-15,4558643.0,1814100.0,2744543.0,0,None,In Progress,61.2,In Progress,30.9,55.5,82.7,Compensation,2024-07-30,,2022-01-27,0.466,0,21.8
ACQ-0217,POR-TE-0217,Port Expansion Project 217,Port Expansion,"Ministry of Ports, Shipping and Waterways",National Highways Authority of India,Telangana,Warangal,Warangal Taluk,Warangal Village 7,17.96634,79.74459,24.04,11.63,48.4,14,2,Completed,2026-05-26,In Progress,62.8,Approved,34,Completed,2026-11-12,12517285.0,5260304.0,7256981.0,1,Medium,In Progress,34.3,In Progress,27.5,54.9,60.6,Award,2028-11-24,,2026-04-26,0.21,1,164.7
ACQ-0218,IND-PU-0218,Industrial Corridor Project 218,Industrial Corridor,Ministry of Commerce and Industry,State Housing Board,Punjab,Ludhiana,Ludhiana Taluk,Ludhiana Village 1,31.1007,76.01114,5.99,3.79,63.2,64,9,Completed,2024-01-05,In Progress,62.5,Approved,26,Completed,2024-06-23,4158115.0,1591096.0,2567019.0,3,High,In Progress,45.8,In Progress,45.5,78.0,41.1,Award,2027-08-03,,2023-12-06,0.426,0,26.6
ACQ-0219,IND-MA-0219,Industrial Corridor Project 219,Industrial Corridor,Ministry of Commerce and Industry,State Road Development Corporation,Madhya Pradesh,Bhopal,Bhopal Taluk,Bhopal Village 2,23.42485,77.42242,25.45,9.03,35.5,144,35,Completed,2022-08-11,In Progress,49.6,Approved,19,Completed,2023-01-28,9564061.0,3282930.0,6281131.0,1,None,In Progress,40.8,In Progress,37.2,72.5,71.7,Award,2026-11-02,,2022-07-12,0.351,0,17.9
ACQ-0220,POR-GU-0220,Port Expansion Project 220,Port Expansion,"Ministry of Ports, Shipping and Waterways",Rail Land Development Authority,Gujarat,Vadodara,Vadodara Taluk,Vadodara Village 3,22.21546,72.92629,7.25,3.23,44.6,36,5,Completed,2022-06-18,In Progress,54.2,Approved,43,Not Started,,2854894.0,1173076.0,1681818.0,0,None,In Progress,27.8,In Progress,40.1,46.8,74.9,Survey,2024-04-29,,2022-05-19,0.351,0,19.4
ACQ-0221,IND-UT-0221,Industrial Corridor Project 221,Industrial Corridor,Ministry of Commerce and Industry,National Highways Authority of India,Uttar Pradesh,Kanpur,Kanpur Taluk,Kanpur Village 4,26.24156,80.29705,12.88,10.88,84.5,316,70,Completed,2024-10-05,In Progress,81.5,Approved,2,Completed,2025-03-24,14507309.0,8128164.0,6379145.0,2,Low,In Progress,82.0,In Progress,39.7,45.4,86.9,Possession,2028-07-17,,2024-09-05,0.3,0,20.3
ACQ-0222,STA-MA-0222,State Highway Project 222,State Highway,State Public Works Department,Central Warehousing Corporation,Maharashtra,Nagpur,Nagpur Taluk,Nagpur Village 5,21.30822,79.0846,53.03,19.49,36.8,14,0,Completed,2023-07-20,In Progress,45.3,Approved,43,Pending,,33535160.0,10220905.0,23314255.0,2,None,In Progress,31.3,In Progress,11.8,60.2,93.5,Notification,2026-08-26,,2023-06-20,0.415,1,143.8
ACQ-0223,IND-OD-0223,Industrial Corridor Project 223,Industrial Corridor,Ministry of Commerce and Industry,State Metro Rail Corporation,Odisha,Bhubaneswar,Bhubaneswar Taluk,Bhubaneswar Village 6,20.10884,85.69407,82.84,80.31,96.9,285,172,Completed,2023-02-26,In Progress,81.8,Approved,1,Completed,2023-08-15,42348236.0,42348236.0,0.0,1,Low,In Progress,71.4,In Progress,71.5,94.5,68.4,Closure,2027-09-05,,2023-01-27,0.294,0,9.5
ACQ-0224,URB-UT-0224,Urban Housing Project 224,Urban Housing,Ministry of Housing and Urban Affairs,State Road Development Corporation,Uttar Pradesh,Noida,Noida Taluk,Noida Village 7,28.34936,77.33321,60.26,22.09,36.7,133,68,Completed,2025-04-29,In Progress,23.8,Approved,9,Not Started,,23742175.0,4712169.0,19030006.0,1,Low,In Progress,38.8,In Progress,18.1,90.1,69.0,Notification,2029-11-28,,2025-03-30,0.438,1,152.6
ACQ-0225,SOL-WE-0225,Solar Park Project 225,Solar Park,Ministry of New and Renewable Energy,State Road Development Corporation,West Bengal,Kolkata,Kolkata Taluk,Kolkata Village 1,22.49949,88.50301,56.05,34.34,61.3,19,7,Completed,2024-04-14,In Progress,59.8,Approved,31,Completed,2024-10-01,38654941.0,19683164.0,18971777.0,1,None,In Progress,59.7,In Progress,37.4,63.1,95.2,Compensation,2028-09-07,,2024-03-15,0.405,1,118.7
ACQ-0226,IND-WE-0226,Industrial Corridor Project 226,Industrial Corridor,Ministry of Commerce and Industry,State Metro Rail Corporation,West Bengal,Bardhaman,Bardhaman Taluk,Bardhaman Village 2,23.44677,87.75927,23.22,4.62,19.9,74,3,Pending,,In Progress,21.9,Pending,16,Not Started,,7812940.0,1886120.0,5926820.0,2,High,In Progress,22.8,In Progress,17.5,58.2,80.0,Approval,2025-06-22,,2024-01-13,0.262,1,203.1
ACQ-0227,MET-MA-0227,Metro Rail Project 227,Metro Rail,Ministry of Housing and Urban Affairs,Rail Land Development Authority,Madhya Pradesh,Indore,Indore Taluk,Indore Village 3,22.66873,75.77537,5.51,2.06,37.3,47,4,In Progress,,In Progress,31.3,Pending,52,Pending,,2885201.0,873042.0,2012159.0,2,Low,In Progress,15.8,In Progress,14.0,65.2,95.2,Approval,2027-12-30,,2023-08-02,0.377,0,28.1
ACQ-0228,SOL-TE-0228,Solar Park Project 228,Solar Park,Ministry of New and Renewable Energy,State Power Transmission Corporation,Telangana,Hyderabad,Hyderabad Taluk,Hyderabad Village 4,17.27398,78.77481,26.76,22.11,82.6,159,45,Completed,2026-06-23,In Progress,94.7,Approved,5,Completed,2026-12-10,36824963.0,23716307.0,13108656.0,1,Low,In Progress,47.8,In Progress,73.1,61.4,97.1,Rehabilitation,2029-01-30,,2026-05-24,0.335,0,14.5
ACQ-0229,RAI-OD-0229,Railway Corridor Project 229,Railway Corridor,Ministry of Railways,Rail Land Development Authority,Odisha,Cuttack,Cuttack Taluk,Cuttack Village 5,20.51001,85.82313,50.2,14.55,29.0,54,15,Pending,,In Progress,12.3,Pending,44,Not Started,,16919240.0,3157498.0,13761742.0,3,None,In Progress,15.4,In Progress,17.6,98.0,91.3,Approval,2030-11-25,,2026-04-24,0.324,0,22.7
ACQ-0230,POR-WE-0230,Port Expansion Project 230,Port Expansion,"Ministry of Ports, Shipping and Waterways",State Metro Rail Corporation,West Bengal,Kolkata,Kolkata Taluk,Kolkata Village 6,22.4922,88.48798,25.27,19.42,76.9,30,3,Completed,2024-01-17,Completed,96.4,Approved,5,Completed,2024-07-05,22234377.0,13155176.0,9079201.0,1,Medium,In Progress,44.8,In Progress,32.7,55.2,29.9,Legal,2028-09-01,,2023-12-18,0.352,1,151.4
ACQ-0231,IRR-GU-0231,Irrigation Canal Project 231,Irrigation Canal,Ministry of Jal Shakti,State Housing Board,Gujarat,Surat,Surat Taluk,Surat Village 7,20.97882,73.06976,10.43,10.43,100.0,8,3,Completed,2024-10-22,In Progress,88.8,Approved,0,Completed,2025-04-10,11418901.0,8864180.0,2554721.0,0,None,In Progress,86.9,In Progress,90.0,73.3,46.6,Rehabilitation,2027-08-30,,2024-09-22,0.457,0,11.3
ACQ-0232,SOL-GU-0232,Solar Park Project 232,Solar Park,Ministry of New and Renewable Energy,State Housing Board,Gujarat,Rajkot,Rajkot Taluk,Rajkot Village 1,22.10634,70.84929,32.86,19.69,59.9,36,23,Completed,2026-04-10,In Progress,62.8,Approved,1,Completed,2026-09-27,19756479.0,6612436.0,13144043.0,3,None,In Progress,30.4,In Progress,53.6,92.0,49.2,Award,2029-11-26,,2026-03-11,0.395,1,114.1
ACQ-0233,RAI-UT-0233,Railway Corridor Project 233,Railway Corridor,Ministry of Railways,State Industrial Development Corporation,Uttar Pradesh,Kanpur,Kanpur Taluk,Kanpur Village 2,26.57308,80.0443,104.0,74.88,72.0,43,19,Completed,2023-06-05,In Progress,90.5,Approved,11,Completed,2023-11-22,86918322.0,49644991.0,37273331.0,0,None,In Progress,45.1,In Progress,65.4,82.7,90.0,Possession,2026-12-16,,2023-05-06,0.367,0,14.3
ACQ-0234,NAT-TA-0234,National Highway Project 234,National Highway,Ministry of Road Transport and Highways,State Housing Board,Tamil Nadu,Madurai,Madurai Taluk,Madurai Village 3,9.87978,77.85091,13.92,11.99,86.1,40,5,Completed,2022-03-26,In Progress,80.2,Approved,2,Completed,2022-09-12,15618886.0,10234338.0,5384548.0,2,Low,In Progress,81.0,In Progress,34.7,21.7,23.5,Rehabilitation,2024-08-05,,2022-02-24,0.337,0,20.2
ACQ-0235,IRR-MA-0235,Irrigation Canal Project 235,Irrigation Canal,Ministry of Jal Shakti,State Road Development Corporation,Maharashtra,Ratnagiri,Ratnagiri Taluk,Ratnagiri Village 4,16.93738,73.09014,5.36,4.09,76.3,182,8,Completed,2023-09-25,In Progress,73.2,Approved,9,Completed,2024-03-13,4482780.0,3044444.0,1438336.0,0,None,In Progress,74.4,In Progress,44.6,83.8,69.7,Legal,2027-10-27,,2023-08-26,0.509,0,16.3
ACQ-0236,AIR-RA-0236,Airport Expansion Project 236,Airport Expansion,Ministry of Civil Aviation,Rail Land Development Authority,Rajasthan,Jodhpur,Jodhpur Taluk,Jodhpur Village 5,26.20476,72.88597,54.48,36.41,66.8,131,14,Completed,2023-09-01,In Progress,69.1,Approved,9,Completed,2024-02-18,31229547.0,22851888.0,8377659.0,3,None,In Progress,46.4,In Progress,59.5,54.1,76.0,Possession,2026-11-19,,2023-08-02,0.308,0,12.5
ACQ-0237,IND-GU-0237,Industrial Corridor Project 237,Industrial Corridor,Ministry of Commerce and Industry,National Highways Authority of India,Gujarat,Vadodara,Vadodara Taluk,Vadodara Village 6,22.50833,73.5032,49.79,21.24,42.7,61,15,Completed,2024-05-16,In Progress,57.1,Approved,7,Not Started,,20528784.0,7053440.0,13475344.0,0,None,In Progress,24.4,In Progress,32.4,87.4,78.3,Survey,2027-10-07,,2024-04-16,0.31,0,19.0
ACQ-0238,MET-TE-0238,Metro Rail Project 238,Metro Rail,Ministry of Housing and Urban Affairs,Central Warehousing Corporation,Telangana,Warangal,Warangal Taluk,Warangal Village 7,17.77899,79.56746,626.49,626.49,100.0,126,44,Completed,2026-07-31,In Progress,92.9,Approved,40,Completed,2027-01-17,1057401918.0,566610704.0,490791214.0,1,None,In Progress,72.0,In Progress,68.0,85.4,75.0,Closure,2027-12-20,,2026-07-01,0.35,0,13.7
ACQ-0239,STA-KA-0239,State Highway Project 239,State Highway,State Public Works Department,State Power Transmission Corporation,Karnataka,Belagavi,Belagavi Taluk,Belagavi Village 1,16.09349,74.79871,36.34,34.36,94.5,44,6,Completed,2024-12-25,In Progress,88.3,Approved,2,Completed,2025-06-13,61377665.0,31944448.0,29433217.0,0,None,In Progress,89.9,In Progress,40.6,71.9,72.8,Possession,2026-09-24,,2024-11-25,0.358,0,16.0
ACQ-0240,IRR-TA-0240,Irrigation Canal Project 240,Irrigation Canal,Ministry of Jal Shakti,State Housing Board,Tamil Nadu,Chennai,Chennai Taluk,Chennai Village 2,12.93869,80.1878,19.8,13.93,70.3,55,2,Completed,2024-07-01,In Progress,61.4,Approved,3,Completed,2024-12-18,19040525.0,10102084.0,8938441.0,2,None,In Progress,66.2,In Progress,52.5,90.3,62.9,Compensation,2026-06-12,,2024-06-01,0.352,0,12.9
ACQ-0241,POR-KE-0241,Port Expansion Project 241,Port Expansion,"Ministry of Ports, Shipping and Waterways",National Highways Authority of India,Kerala,Thiruvananthapuram,Thiruvananthapuram Taluk,Thiruvananthapuram Village 3,8.43193,77.01537,10.07,8.01,79.5,78,48,Completed,2023-11-30,Completed,100.0,Approved,22,Completed,2024-05-18,10710488.0,7887250.0,2823238.0,1,None,In Progress,79.4,In Progress,76.8,93.5,64.5,Rehabilitation,2028-04-18,,2023-10-31,0.323,0,10.7
ACQ-0242,AIR-GU-0242,Airport Expansion Project 242,Airport Expansion,Ministry of Civil Aviation,Central Warehousing Corporation,Gujarat,Surat,Surat Taluk,Surat Village 4,21.43491,73.24791,114.24,25.16,22.0,595,200,In Progress,,In Progress,14.9,Pending,23,Pending,,20850971.0,3960156.0,16890815.0,0,None,In Progress,18.7,In Progress,8.7,77.1,41.2,Scrutiny,2027-05-23,,2026-04-09,0.464,1,167.3
ACQ-0243,NAT-RA-0243,National Highway Project 243,National Highway,Ministry of Road Transport and Highways,State Industrial Development Corporation,Rajasthan,Jaisalmer,Jaisalmer Taluk,Jaisalmer Village 5,27.1423,70.95803,83.2,38.71,46.5,67,19,Completed,2025-10-21,In Progress,44.3,Approved,4,Not Started,,65467548.0,23116905.0,42350643.0,3,None,In Progress,43.1,In Progress,42.4,80.8,72.4,Survey,2029-08-12,,2025-09-21,0.389,0,17.9
ACQ-0244,SOL-MA-0244,Solar Park Project 244,Solar Park,Ministry of New and Renewable Energy,State Industrial Development Corporation,Madhya Pradesh,Bhopal,Bhopal Taluk,Bhopal Village 6,23.1503,77.35828,3.77,2.39,63.3,101,9,Completed,2024-10-14,In Progress,63.6,Approved,9,Completed,2025-04-02,1783152.0,1279258.0,503894.0,0,None,In Progress,74.8,In Progress,67.2,86.5,52.6,Legal,2026-02-08,,2024-09-14,0.455,1,79.5
ACQ-0245,NAT-RA-0245,National Highway Project 245,National Highway,Ministry of Road Transport and Highways,State Power Transmission Corporation,Rajasthan,Jodhpur,Jodhpur Taluk,Jodhpur Village 7,26.24484,73.29249,8.99,3.87,43.0,25,1,Completed,2026-05-29,In Progress,29.5,Approved,13,Not Started,,4015908.0,759424.0,3256484.0,1,None,In Progress,38.8,In Progress,23.4,81.3,42.6,Notification,2027-10-22,,2026-04-29,0.291,1,128.0
ACQ-0246,AIR-PU-0246,Airport Expansion Project 246,Airport Expansion,Ministry of Civil Aviation,State Power Transmission Corporation,Punjab,Ludhiana,Ludhiana Taluk,Ludhiana Village 1,30.76939,75.96869,38.42,6.5,16.9,32,14,Pending,,In Progress,19.9,Pending,27,Not Started,,6068437.0,847048.0,5221389.0,4,High,In Progress,15.2,In Progress,6.7,93.6,31.1,Scrutiny,2029-02-03,,2024-09-05,0.283,1,202.3
ACQ-0247,IND-KA-0247,Industrial Corridor Project 247,Industrial Corridor,Ministry of Commerce and Industry,State Metro Rail Corporation,Karnataka,Kalaburagi,Kalaburagi Taluk,Kalaburagi Village 2,17.07062,77.12294,23.08,15.4,66.7,107,61,Completed,2023-06-22,In Progress,72.5,Approved,6,Completed,2023-12-09,21208675.0,15635327.0,5573348.0,0,None,In Progress,58.0,In Progress,43.3,66.3,81.5,Legal,2025-11-28,,2023-05-23,0.425,0,12.1
ACQ-0248,IND-WE-0248,Industrial Corridor Project 248,Industrial Corridor,Ministry of Commerce and Industry,State Industrial Development Corporation,West Bengal,Bardhaman,Bardhaman Taluk,Bardhaman Village 3,23.52012,87.80008,27.92,20.16,72.2,40,15,Completed,2026-05-18,In Progress,67.0,Approved,6,Completed,2026-11-04,19357982.0,8416457.0,10941525.0,2,Low,In Progress,57.8,In Progress,65.0,89.0,79.8,Legal,2031-03-11,,2026-04-18,0.336,0,16.7
ACQ-0249,RAI-OD-0249,Railway Corridor Project 249,Railway Corridor,Ministry of Railways,National Highways Authority of India,Odisha,Cuttack,Cuttack Taluk,Cuttack Village 4,20.50368,85.82546,20.41,5.22,25.6,60,19,Completed,2026-01-02,In Progress,32.0,Approved,2,Not Started,,5091300.0,2131621.0,2959679.0,1,Medium,In Progress,24.9,In Progress,43.6,84.4,78.9,Survey,2028-12-03,,2025-12-03,0.219,0,21.5
ACQ-0250,WAT-TA-0250,Water Reservoir Project 250,Water Reservoir,Ministry of Jal Shakti,State Housing Board,Tamil Nadu,Salem,Salem Taluk,Salem Village 5,11.53399,77.87949,73.19,33.53,45.8,51,17,Completed,2023-09-26,In Progress,67.8,Approved,23,Completed,2024-03-14,57157847.0,24779835.0,32378012.0,1,Medium,In Progress,54.8,In Progress,21.6,32.4,83.7,Compensation,2024-10-09,,2023-08-27,0.431,0,29.4
ACQ-0251,NAT-MA-0251,National Highway Project 251,National Highway,Ministry of Road Transport and Highways,State Metro Rail Corporation,Maharashtra,Aurangabad,Aurangabad Taluk,Aurangabad Village 6,20.01653,75.31247,7.32,2.03,27.7,81,31,Pending,,In Progress,35.0,Pending,73,Pending,,1436452.0,307585.0,1128867.0,5,Low,In Progress,17.4,In Progress,13.4,72.3,78.4,Approval,2025-05-04,,2022-02-09,0.279,0,29.0
ACQ-0252,AIR-RA-0252,Airport Expansion Project 252,Airport Expansion,Ministry of Civil Aviation,State Housing Board,Rajasthan,Jodhpur,Jodhpur Taluk,Jodhpur Village 7,26.28283,73.21524,12.29,5.32,43.3,27,17,Completed,2022-10-20,In Progress,34.5,Approved,17,Pending,,5526715.0,2172822.0,3353893.0,3,None,In Progress,23.2,In Progress,21.2,82.7,74.1,Notification,2024-02-09,,2022-09-20,0.486,1,126.4
ACQ-0253,IRR-KA-0253,Irrigation Canal Project 253,Irrigation Canal,Ministry of Jal Shakti,State Road Development Corporation,Karnataka,Belagavi,Belagavi Taluk,Belagavi Village 1,15.95364,74.43328,28.19,22.96,81.5,32,5,Completed,2025-05-25,In Progress,89.3,Approved,7,Completed,2025-11-11,16721254.0,11114756.0,5606498.0,1,None,In Progress,53.5,In Progress,78.9,78.6,18.4,Possession,2028-09-15,,2025-04-25,0.465,0,14.5
ACQ-0254,POW-UT-0254,Power Transmission Line Project 254,Power Transmission Line,Ministry of Power,State Power Transmission Corporation,Uttar Pradesh,Kanpur,Kanpur Taluk,Kanpur Village 2,26.52596,80.05877,80.05,67.37,84.2,64,15,Completed,2023-01-19,Completed,100.0,Approved,23,Completed,2023-07-08,31856859.0,31856859.0,0.0,1,Low,In Progress,85.2,Completed,98.3,78.6,76.5,Closure,2026-12-29,,2022-12-20,0.352,0,9.9
ACQ-0255,AIR-MA-0255,Airport Expansion Project 255,Airport Expansion,Ministry of Civil Aviation,State Metro Rail Corporation,Madhya Pradesh,Jabalpur,Jabalpur Taluk,Jabalpur Village 3,22.88872,79.98943,5.0,3.83,76.5,32,20,Completed,2024-01-08,In Progress,84.9,Approved,2,Completed,2024-06-26,5043794.0,2823280.0,2220514.0,0,None,In Progress,47.1,In Progress,78.0,62.0,62.6,Possession,2026-01-25,,2023-12-09,0.332,0,13.7
ACQ-0256,STA-KE-0256,State Highway Project 256,State Highway,State Public Works Department,Central Warehousing Corporation,Kerala,Thiruvananthapuram,Thiruvananthapuram Taluk,Thiruvananthapuram Village 4,8.50525,76.99468,12.43,6.63,53.4,278,100,Completed,2024-07-04,In Progress,79.3,Approved,1,Completed,2024-12-21,11405118.0,7379714.0,4025404.0,0,None,In Progress,59.0,In Progress,36.2,78.0,64.8,Compensation,2026-03-10,,2024-06-04,0.393,0,15.0
ACQ-0257,IND-TA-0257,Industrial Corridor Project 257,Industrial Corridor,Ministry of Commerce and Industry,State Road Development Corporation,Tamil Nadu,Madurai,Madurai Taluk,Madurai Village 5,10.0058,78.19918,3.67,0.63,17.2,21,9,In Progress,,In Progress,11.0,Pending,46,Not Started,,573770.0,111385.0,462385.0,1,Low,In Progress,11.4,In Progress,10.3,93.1,77.3,Scrutiny,2028-06-04,,2026-03-24,0.392,0,25.3
ACQ-0258,RAI-KE-0258,Railway Corridor Project 258,Railway Corridor,Ministry of Railways,State Housing Board,Kerala,Thiruvananthapuram,Thiruvananthapuram Taluk,Thiruvananthapuram Village 6,8.46444,76.891,17.41,5.03,28.9,180,111,Completed,2023-03-29,In Progress,52.8,Approved,3,Pending,,2699431.0,1329552.0,1369879.0,1,Medium,In Progress,32.5,In Progress,17.6,93.0,83.2,Survey,2027-04-09,,2023-02-27,0.46,0,23.4
ACQ-0259,IRR-WE-0259,Irrigation Canal Project 259,Irrigation Canal,Ministry of Jal Shakti,National Highways Authority of India,West Bengal,Durgapur,Durgapur Taluk,Durgapur Village 7,23.39609,87.36721,66.5,18.38,27.6,69,21,In Progress,,In Progress,26.1,Pending,153,Not Started,,27881051.0,5570875.0,22310176.0,1,Low,In Progress,15.9,In Progress,10.7,59.8,84.1,Scrutiny,2025-07-13,,2023-03-10,0.345,1,192.3
ACQ-0260,NAT-KE-0260,National Highway Project 260,National Highway,Ministry of Road Transport and Highways,Rail Land Development Authority,Kerala,Kochi,Kochi Taluk,Kochi Village 1,9.69307,76.3585,311.19,256.31,82.4,340,32,Completed,2025-07-25,In Progress,92.6,Approved,33,Completed,2026-01-11,260868235.0,109210198.0,151658037.0,0,None,In Progress,66.0,In Progress,80.1,41.9,83.3,Possession,2026-08-21,,2025-06-25,0.391,0,16.5
ACQ-0261,NAT-PU-0261,National Highway Project 261,National Highway,Ministry of Road Transport and Highways,Rail Land Development Authority,Punjab,Amritsar,Amritsar Taluk,Amritsar Village 2,31.55066,74.79622,9.94,0.38,3.8,5,2,In Progress,,In Progress,13.7,Pending,22,Not Started,,613213.0,109864.0,503349.0,2,Low,In Progress,16.7,In Progress,8.1,68.0,85.1,Scrutiny,2028-12-30,,2024-04-20,0.421,1,165.4
ACQ-0262,URB-OD-0262,Urban Housing Project 262,Urban Housing,Ministry of Housing and Urban Affairs,Rail Land Development Authority,Odisha,Bhubaneswar,Bhubaneswar Taluk,Bhubaneswar Village 3,20.24923,85.37159,8.25,5.63,68.3,117,10,Completed,2025-06-22,In Progress,72.4,Approved,0,Completed,2025-12-09,5939668.0,3478554.0,2461114.0,1,High,In Progress,64.4,In Progress,43.5,91.3,49.0,Compensation,2028-03-03,,2025-05-23,0.33,1,155.6
ACQ-0263,STA-WE-0263,State Highway Project 263,State Highway,State Public Works Department,Rail Land Development Authority,West Bengal,Durgapur,Durgapur Taluk,Durgapur Village 4,23.78913,87.32553,102.63,53.84,52.5,33,18,Completed,2026-02-28,In Progress,39.6,Approved,15,Completed,2026-08-17,50791919.0,16927400.0,33864519.0,1,None,In Progress,41.1,In Progress,36.0,89.5,73.5,Award,2030-11-05,,2026-01-29,0.36,0,17.8
ACQ-0264,MET-PU-0264,Metro Rail Project 264,Metro Rail,Ministry of Housing and Urban Affairs,State Road Development Corporation,Punjab,Amritsar,Amritsar Taluk,Amritsar Village 5,31.51147,75.0077,48.77,7.26,14.9,324,146,Pending,,In Progress,10.7,Pending,48,Not Started,,7523362.0,435012.0,7088350.0,0,None,In Progress,5.9,In Progress,6.0,74.4,62.1,Proposal,2029-01-13,,2025-10-16,0.493,1,170.7
ACQ-0265,AIR-TE-0265,Airport Expansion Project 265,Airport Expansion,Ministry of Civil Aviation,State Road Development Corporation,Telangana,Warangal,Warangal Taluk,Warangal Village 6,17.85633,79.48796,12.11,4.06,33.6,57,14,Completed,2025-01-05,In Progress,35.9,Approved,9,Not Started,,3159012.0,728806.0,2430206.0,2,Medium,In Progress,33.2,In Progress,25.3,64.1,76.5,Notification,2029-09-16,,2024-12-06,0.443,0,28.2
ACQ-0266,WAT-GU-0266,Water Reservoir Project 266,Water Reservoir,Ministry of Jal Shakti,State Housing Board,Gujarat,Rajkot,Rajkot Taluk,Rajkot Village 7,22.28192,70.75842,39.83,9.57,24.0,17,0,Pending,,In Progress,21.9,Pending,11,Pending,,15527862.0,4057821.0,11470041.0,0,None,In Progress,24.3,In Progress,20.7,36.6,84.9,Approval,2028-09-13,,2025-11-11,0.423,1,163.2
ACQ-0267,WAT-MA-0267,Water Reservoir Project 267,Water Reservoir,Ministry of Jal Shakti,State Housing Board,Madhya Pradesh,Indore,Indore Taluk,Indore Village 1,22.53245,75.89162,11.83,10.15,85.8,27,2,Completed,2024-07-22,In Progress,91.6,Approved,16,Completed,2025-01-08,17075550.0,11733586.0,5341964.0,0,None,In Progress,89.1,In Progress,79.9,41.9,54.6,Closure,2027-08-02,,2024-06-22,0.392,0,14.4
ACQ-0268,SOL-PU-0268,Solar Park Project 268,Solar Park,Ministry of New and Renewable Energy,State Power Transmission Corporation,Punjab,Amritsar,Amritsar Taluk,Amritsar Village 2,31.59168,74.86309,16.55,12.94,78.2,193,67,Completed,2026-02-25,In Progress,75.2,Approved,7,Completed,2026-08-14,7644315.0,5987116.0,1657199.0,2,Low,In Progress,65.8,In Progress,62.8,80.1,44.6,Legal,2029-08-13,,2026-01-26,0.319,0,12.8
ACQ-0269,RAI-RA-0269,Railway Corridor Project 269,Railway Corridor,Ministry of Railways,Rail Land Development Authority,Rajasthan,Udaipur,Udaipur Taluk,Udaipur Village 3,24.32242,73.4731,15.33,12.78,83.4,261,68,Completed,2022-05-16,In Progress,85.8,Approved,14,Completed,2022-11-02,21555433.0,19134309.0,2421124.0,1,Low,In Progress,60.2,In Progress,46.8,79.3,46.7,Possession,2024-02-27,,2022-04-16,0.395,0,15.4
ACQ-0270,RAI-MA-0270,Railway Corridor Project 270,Railway Corridor,Ministry of Railways,State Industrial Development Corporation,Maharashtra,Pune,Pune Taluk,Pune Village 4,18.40505,73.56876,2.26,1.91,84.6,114,62,Completed,2023-07-15,In Progress,91.7,Approved,24,Completed,2024-01-01,2215558.0,1530431.0,685127.0,0,None,In Progress,66.5,In Progress,62.1,60.5,48.1,Possession,2027-11-25,,2023-06-15,0.339,0,15.6
ACQ-0271,AIR-KA-0271,Airport Expansion Project 271,Airport Expansion,Ministry of Civil Aviation,State Power Transmission Corporation,Karnataka,Belagavi,Belagavi Taluk,Belagavi Village 5,15.97362,74.47538,81.61,44.57,54.6,77,20,Completed,2026-02-25,In Progress,63.0,Approved,20,Completed,2026-08-14,31648754.0,9021957.0,22626797.0,1,High,In Progress,53.7,In Progress,46.9,93.8,55.9,Award,2029-11-22,,2026-01-26,0.226,0,26.4
ACQ-0272,STA-TA-0272,State Highway Project 272,State Highway,State Public Works Department,State Metro Rail Corporation,Tamil Nadu,Chennai,Chennai Taluk,Chennai Village 6,12.81581,80.17701,13.66,4.65,34.1,48,1,Completed,2025-01-13,In Progress,39.8,Approved,38,Not Started,,4683541.0,1634685.0,3048856.0,0,None,In Progress,36.3,In Progress,31.3,83.2,92.6,Survey,2026-07-08,,2024-12-14,0.309,0,19.8
ACQ-0273,POW-TE-0273,Power Transmission Line Project 273,Power Transmission Line,Ministry of Power,State Road Development Corporation,Telangana,Warangal,Warangal Taluk,Warangal Village 7,18.024,79.8739,15.11,3.31,21.9,17,8,In Progress,,In Progress,15.1,Pending,13,Pending,,3307442.0,557986.0,2749456.0,1,Low,In Progress,14.8,In Progress,13.2,67.3,68.7,Scrutiny,2030-01-09,,2026-03-08,0.421,0,27.8
ACQ-0274,RAI-PU-0274,Railway Corridor Project 274,Railway Corridor,Ministry of Railways,Rail Land Development Authority,Punjab,Amritsar,Amritsar Taluk,Amritsar Village 1,31.88403,74.77728,60.25,39.84,66.1,388,200,Completed,2026-03-16,In Progress,85.9,Approved,4,Completed,2026-09-02,37606713.0,29065824.0,8540889.0,1,None,In Progress,45.7,In Progress,39.9,55.8,55.9,Legal,2027-06-22,,2026-02-14,0.348,0,15.0
ACQ-0275,STA-TE-0275,State Highway Project 275,State Highway,State Public Works Department,Rail Land Development Authority,Telangana,Hyderabad,Hyderabad Taluk,Hyderabad Village 2,17.64378,78.72179,4.95,1.04,21.1,75,20,Completed,2025-05-01,In Progress,41.8,Approved,3,Pending,,1810608.0,694945.0,1115663.0,0,None,In Progress,25.3,In Progress,16.3,69.9,65.6,Notification,2028-06-07,,2025-04-01,0.324,0,19.7
ACQ-0276,IND-WE-0276,Industrial Corridor Project 276,Industrial Corridor,Ministry of Commerce and Industry,State Metro Rail Corporation,West Bengal,Kolkata,Kolkata Taluk,Kolkata Village 3,22.46345,88.44888,21.82,19.13,87.7,38,6,Completed,2024-04-25,In Progress,91.4,Approved,11,Completed,2024-10-12,20931037.0,16713608.0,4217429.0,0,None,In Progress,73.7,In Progress,75.9,81.5,59.2,Possession,2028-03-25,,2024-03-26,0.253,0,9.9
ACQ-0277,SOL-RA-0277,Solar Park Project 277,Solar Park,Ministry of New and Renewable Energy,State Metro Rail Corporation,Rajasthan,Jaipur,Jaipur Taluk,Jaipur Village 4,26.88978,75.53561,18.41,5.04,27.4,58,14,In Progress,,In Progress,29.8,Pending,77,Pending,,6152103.0,819021.0,5333082.0,2,Low,In Progress,19.9,In Progress,7.1,93.9,81.7,Scrutiny,2029-04-12,,2026-04-22,0.345,1,180.7
ACQ-0278,RAI-TA-0278,Railway Corridor Project 278,Railway Corridor,Ministry of Railways,State Power Transmission Corporation,Tamil Nadu,Coimbatore,Coimbatore Taluk,Coimbatore Village 5,11.0227,77.0755,28.63,23.65,82.6,43,6,Completed,2023-04-11,In Progress,84.6,Approved,19,Completed,2023-09-28,23996258.0,10389407.0,13606851.0,2,Low,In Progress,74.8,In Progress,52.1,47.1,75.1,Possession,2025-10-31,,2023-03-12,0.38,0,20.4
ACQ-0279,NAT-KA-0279,National Highway Project 279,National Highway,Ministry of Road Transport and Highways,State Metro Rail Corporation,Karnataka,Mangaluru,Mangaluru Taluk,Mangaluru Village 6,13.16085,75.0079,47.17,29.13,61.8,104,17,Completed,2025-12-02,In Progress,55.6,Approved,4,Completed,2026-05-21,35514432.0,17806481.0,17707951.0,0,None,In Progress,44.0,In Progress,55.2,70.1,74.1,Compensation,2028-02-07,,2025-11-02,0.296,1,106.5
ACQ-0280,URB-OD-0280,Urban Housing Project 280,Urban Housing,Ministry of Housing and Urban Affairs,National Highways Authority of India,Odisha,Cuttack,Cuttack Taluk,Cuttack Village 7,20.45947,85.76731,28.19,15.01,53.3,118,31,Completed,2025-11-01,In Progress,72.1,Approved,17,Completed,2026-04-20,17640045.0,10980150.0,6659895.0,3,Medium,In Progress,30.0,In Progress,34.8,85.4,78.6,Award,2029-01-31,,2025-10-02,0.258,0,18.0
ACQ-0281,POR-RA-0281,Port Expansion Project 281,Port Expansion,"Ministry of Ports, Shipping and Waterways",State Industrial Development Corporation,Rajasthan,Udaipur,Udaipur Taluk,Udaipur Village 1,24.40646,73.75838,6.27,4.86,77.6,115,19,Completed,2023-09-08,In Progress,84.7,Approved,8,Completed,2024-02-25,4076165.0,2669819.0,1406346.0,2,Medium,In Progress,55.8,In Progress,74.0,93.9,70.4,Possession,2027-12-15,,2023-08-09,0.428,0,17.0
ACQ-0282,STA-RA-0282,State Highway Project 282,State Highway,State Public Works Department,National Highways Authority of India,Rajasthan,Jodhpur,Jodhpur Taluk,Jodhpur Village 2,26.29985,73.04145,4.37,1.1,25.1,71,33,In Progress,,In Progress,18.7,Pending,7,Not Started,,1358571.0,251485.0,1107086.0,0,None,In Progress,20.7,In Progress,18.8,61.6,63.5,Approval,2030-03-09,,2026-06-14,0.35,0,24.0
ACQ-0283,IND-MA-0283,Industrial Corridor Project 283,Industrial Corridor,Ministry of Commerce and Industry,Rail Land Development Authority,Madhya Pradesh,Indore,Indore Taluk,Indore Village 3,22.80381,75.83653,34.57,16.01,46.3,36,13,Completed,2026-02-03,In Progress,33.8,Approved,3,Not Started,,28318455.0,5871198.0,22447257.0,4,Medium,In Progress,31.9,In Progress,19.6,95.6,83.8,Notification,2030-03-15,,2026-01-04,0.339,1,178.8
ACQ-0284,RAI-WE-0284,Railway Corridor Project 284,Railway Corridor,Ministry of Railways,State Power Transmission Corporation,West Bengal,Durgapur,Durgapur Taluk,Durgapur Village 4,23.53089,87.3254,18.21,10.86,59.6,51,2,Completed,2024-09-10,In Progress,42.8,Approved,104,Completed,2025-02-27,10814152.0,4284468.0,6529684.0,2,None,In Progress,42.1,In Progress,43.8,68.1,79.8,Award,2027-11-08,,2024-08-11,0.247,1,140.8
ACQ-0285,STA-GU-0285,State Highway Project 285,State Highway,State Public Works Department,State Metro Rail Corporation,Gujarat,Vadodara,Vadodara Taluk,Vadodara Village 5,22.31346,73.28374,29.77,19.36,65.0,68,20,Completed,2022-12-13,In Progress,46.2,Approved,46,Completed,2023-06-01,30854663.0,16891653.0,13963010.0,1,None,In Progress,42.5,In Progress,26.0,68.7,38.5,Award,2026-09-14,,2022-11-13,0.351,0,17.4
ACQ-0286,POW-KA-0286,Power Transmission Line Project 286,Power Transmission Line,Ministry of Power,Central Warehousing Corporation,Karnataka,Belagavi,Belagavi Taluk,Belagavi Village 6,15.95523,74.4094,8.15,1.64,20.1,53,5,Completed,2022-09-21,In Progress,22.1,Approved,1,Pending,,1776165.0,617722.0,1158443.0,2,Medium,In Progress,20.1,In Progress,34.7,71.5,78.8,Notification,2024-07-06,,2022-08-22,0.364,1,155.7
ACQ-0287,MET-OD-0287,Metro Rail Project 287,Metro Rail,Ministry of Housing and Urban Affairs,Rail Land Development Authority,Odisha,Cuttack,Cuttack Taluk,Cuttack Village 7,20.49024,85.89483,301.12,206.16,68.5,12,2,Completed,2025-01-18,In Progress,54.9,Approved,35,Completed,2025-07-07,339088412.0,148724542.0,190363870.0,2,Low,In Progress,58.7,In Progress,32.2,75.9,44.6,Award,2027-11-09,,2024-12-19,0.449,1,144.7
ACQ-0288,POR-MA-0288,Port Expansion Project 288,Port Expansion,"Ministry of Ports, Shipping and Waterways",National Highways Authority of India,Madhya Pradesh,Jabalpur,Jabalpur Taluk,Jabalpur Village 1,23.27635,79.78336,134.31,43.11,32.1,79,7,In Progress,,In Progress,42.5,Pending,43,Not Started,,25378861.0,3795058.0,21583803.0,1,High,In Progress,19.3,In Progress,13.2,78.4,59.6,Scrutiny,2024-02-11,,2022-06-09,0.274,1,210.0
ACQ-0289,NAT-GU-0289,National Highway Project 289,National Highway,Ministry of Road Transport and Highways,National Highways Authority of India,Gujarat,Rajkot,Rajkot Taluk,Rajkot Village 2,22.16003,70.65046,48.82,16.02,32.8,34,5,Completed,2022-10-25,In Progress,52.9,Approved,10,Not Started,,15556043.0,3247335.0,12308708.0,4,Low,In Progress,39.0,In Progress,31.6,54.7,26.8,Notification,2026-01-08,,2022-09-25,0.379,1,168.3
ACQ-0290,POW-KA-0290,Power Transmission Line Project 290,Power Transmission Line,Ministry of Power,Rail Land Development Authority,Karnataka,Mangaluru,Mangaluru Taluk,Mangaluru Village 3,12.87178,74.85793,12.72,12.45,97.9,79,30,Completed,2023-04-05,Completed,100.0,Approved,8,Completed,2023-09-22,17822717.0,13113671.0,4709046.0,0,None,Completed,96.1,In Progress,56.2,72.8,85.4,Rehabilitation,2026-12-10,,2023-03-06,0.412,0,14.3
ACQ-0291,POW-KE-0291,Power Transmission Line Project 291,Power Transmission Line,Ministry of Power,State Power Transmission Corporation,Kerala,Thiruvananthapuram,Thiruvananthapuram Taluk,Thiruvananthapuram Village 4,8.64952,76.93767,1.28,0.05,4.0,41,9,Pending,,In Progress,17.5,Pending,92,Pending,,42905.0,2564.0,40341.0,1,None,In Progress,5.3,In Progress,5.6,85.5,69.8,Proposal,2027-08-16,,2024-01-07,0.28,0,24.4
ACQ-0292,POW-RA-0292,Power Transmission Line Project 292,Power Transmission Line,Ministry of Power,State Housing Board,Rajasthan,Jaisalmer,Jaisalmer Taluk,Jaisalmer Village 5,26.74247,71.12986,11.09,6.96,62.7,30,5,Completed,2022-07-22,In Progress,73.8,Approved,1,Completed,2023-01-08,11030523.0,7829630.0,3200893.0,2,None,In Progress,46.0,In Progress,47.9,54.7,66.5,Legal,2025-06-15,,2022-06-22,0.448,0,15.4
ACQ-0293,RAI-OD-0293,Railway Corridor Project 293,Railway Corridor,Ministry of Railways,State Road Development Corporation,Odisha,Bhubaneswar,Bhubaneswar Taluk,Bhubaneswar Village 6,20.03933,85.73005,37.04,19.36,52.3,32,9,Completed,2022-09-24,In Progress,34.6,Approved,14,Not Started,,10452554.0,4861680.0,5590874.0,1,Low,In Progress,42.5,In Progress,20.3,93.9,91.0,Survey,2026-05-19,,2022-08-25,0.453,1,130.1
ACQ-0294,MET-WE-0294,Metro Rail Project 294,Metro Rail,Ministry of Housing and Urban Affairs,Central Warehousing Corporation,West Bengal,Kolkata,Kolkata Taluk,Kolkata Village 7,22.51947,88.58841,11.18,7.44,66.5,122,14,Completed,2025-10-23,In Progress,31.6,Approved,14,Completed,2026-04-11,11761144.0,6383945.0,5377199.0,0,None,In Progress,59.9,In Progress,45.1,63.9,81.4,Award,2030-01-30,,2025-09-23,0.427,0,17.5
ACQ-0295,RAI-KA-0295,Railway Corridor Project 295,Railway Corridor,Ministry of Railways,State Power Transmission Corporation,Karnataka,Mangaluru,Mangaluru Taluk,Mangaluru Village 1,12.93849,74.91173,175.48,139.43,79.5,218,53,Completed,2022-05-30,In Progress,88.6,Approved,15,Completed,2022-11-16,208182888.0,106398011.0,101784877.0,0,None,In Progress,83.8,In Progress,28.9,87.7,97.2,Possession,2026-11-29,,2022-04-30,0.389,0,16.5
ACQ-0296,RAI-TE-0296,Railway Corridor Project 296,Railway Corridor,Ministry of Railways,Rail Land Development Authority,Telangana,Warangal,Warangal Taluk,Warangal Village 2,17.93861,79.34417,46.2,21.26,46.0,36,17,Completed,2023-09-27,In Progress,42.5,Approved,0,Not Started,,28949708.0,9094185.0,19855523.0,1,None,In Progress,27.3,In Progress,26.6,93.5,86.3,Survey,2025-09-10,,2023-08-28,0.311,1,112.7
ACQ-0297,URB-OD-0297,Urban Housing Project 297,Urban Housing,Ministry of Housing and Urban Affairs,State Power Transmission Corporation,Odisha,Cuttack,Cuttack Taluk,Cuttack Village 3,20.45131,86.14474,400.3,221.27,55.3,149,60,Completed,2024-06-13,In Progress,48.7,Approved,31,Completed,2024-11-30,343420620.0,116656667.0,226763953.0,2,Low,In Progress,37.0,In Progress,44.1,55.8,80.2,Award,2027-10-29,,2024-05-14,0.389,0,23.0
ACQ-0298,POR-MA-0298,Port Expansion Project 298,Port Expansion,"Ministry of Ports, Shipping and Waterways",National Highways Authority of India,Madhya Pradesh,Jabalpur,Jabalpur Taluk,Jabalpur Village 4,23.13154,79.93491,16.1,8.12,50.4,173,24,Completed,2022-04-21,In Progress,32.1,Approved,23,Pending,,8784398.0,4106979.0,4677419.0,4,High,In Progress,35.4,In Progress,35.6,66.9,67.6,Survey,2025-09-02,,2022-03-22,0.341,1,176.5
ACQ-0299,WAT-OD-0299,Water Reservoir Project 299,Water Reservoir,Ministry of Jal Shakti,National Highways Authority of India,Odisha,Cuttack,Cuttack Taluk,Cuttack Village 5,20.52916,85.84035,11.31,6.65,58.8,73,10,Completed,2025-09-08,In Progress,30.4,Approved,56,Completed,2026-02-25,4659184.0,2478187.0,2180997.0,3,None,In Progress,49.5,In Progress,23.0,83.8,58.7,Compensation,2028-06-12,,2025-08-09,0.257,0,16.2
ACQ-0300,WAT-PU-0300,Water Reservoir Project 300,Water Reservoir,Ministry of Jal Shakti,National Highways Authority of India,Punjab,Ludhiana,Ludhiana Taluk,Ludhiana Village 6,30.93577,76.12773,4.84,2.71,56.0,127,37,Completed,2026-01-28,In Progress,54.1,Approved,1,Completed,2026-07-17,4835794.0,3437048.0,1398746.0,0,None,In Progress,67.5,In Progress,35.3,53.2,44.5,Compensation,2027-07-25,,2025-12-29,0.178,0,15.4
ACQ-0301,RAI-TA-0301,Railway Corridor Project 301,Railway Corridor,Ministry of Railways,State Industrial Development Corporation,Tamil Nadu,Salem,Salem Taluk,Salem Village 7,11.60266,78.14505,14.62,2.96,20.2,240,129,Pending,,In Progress,11.6,Pending,48,Pending,,2755243.0,180638.0,2574605.0,4,None,In Progress,5.1,Not Started,3.1,91.0,46.6,Proposal,2030-07-28,,2025-11-12,0.294,1,156.5
ACQ-0302,RAI-WE-0302,Railway Corridor Project 302,Railway Corridor,Ministry of Railways,Central Warehousing Corporation,West Bengal,Durgapur,Durgapur Taluk,Durgapur Village 1,23.47306,87.38329,4.33,2.37,54.7,77,43,Completed,2025-05-31,In Progress,81.4,Approved,8,Completed,2025-11-17,2599556.0,1196074.0,1403482.0,0,None,In Progress,47.0,In Progress,19.9,59.0,66.8,Compensation,2029-11-17,,2025-05-01,0.445,1,129.1
ACQ-0303,WAT-UT-0303,Water Reservoir Project 303,Water Reservoir,Ministry of Jal Shakti,National Highways Authority of India,Uttar Pradesh,Kanpur,Kanpur Taluk,Kanpur Village 2,26.60862,80.3932,55.02,40.52,73.7,90,33,Completed,2024-03-14,In Progress,64.6,Approved,7,Completed,2024-08-31,49981339.0,38783082.0,11198257.0,0,None,In Progress,53.2,In Progress,29.9,80.2,66.5,Legal,2026-05-19,,2024-02-13,0.278,1,63.7
ACQ-0304,AIR-TE-0304,Airport Expansion Project 304,Airport Expansion,Ministry of Civil Aviation,State Power Transmission Corporation,Telangana,Hyderabad,Hyderabad Taluk,Hyderabad Village 3,17.34189,78.34683,73.51,73.51,100.0,661,322,Completed,2024-06-01,In Progress,93.9,Approved,4,Completed,2024-11-18,82862552.0,71738063.0,11124489.0,1,Low,In Progress,88.5,In Progress,87.2,47.1,88.6,Closure,2028-01-28,,2024-05-02,0.378,0,12.6
ACQ-0305,RAI-UT-0305,Railway Corridor Project 305,Railway Corridor,Ministry of Railways,State Housing Board,Uttar Pradesh,Varanasi,Varanasi Taluk,Varanasi Village 4,25.42565,82.80536,17.09,17.09,100.0,14,0,Completed,2025-07-24,Completed,100.0,Approved,14,Completed,2026-01-10,17616637.0,10979830.0,6636807.0,0,None,In Progress,66.4,In Progress,80.4,86.5,41.2,Rehabilitation,2029-04-15,,2025-06-24,0.479,1,85.1
ACQ-0306,SOL-WE-0306,Solar Park Project 306,Solar Park,Ministry of New and Renewable Energy,State Metro Rail Corporation,West Bengal,Siliguri,Siliguri Taluk,Siliguri Village 5,26.82429,88.30408,74.95,35.4,47.2,39,3,Completed,2025-12-27,In Progress,62.3,Approved,12,Completed,2026-06-15,24819624.0,10688157.0,14131467.0,0,None,In Progress,59.3,In Progress,53.4,38.4,83.8,Compensation,2027-06-13,,2025-11-27,0.337,0,17.8
ACQ-0307,IRR-GU-0307,Irrigation Canal Project 307,Irrigation Canal,Ministry of Jal Shakti,State Metro Rail Corporation,Gujarat,Surat,Surat Taluk,Surat Village 6,21.13968,73.07791,49.6,21.25,42.8,313,94,Completed,2025-11-20,In Progress,19.5,Approved,0,Not Started,,33843667.0,11625191.0,22218476.0,2,Medium,In Progress,24.9,In Progress,11.8,63.2,47.0,Notification,2030-08-14,,2025-10-21,0.348,1,186.6
ACQ-0308,WAT-KE-0308,Water Reservoir Project 308,Water Reservoir,Ministry of Jal Shakti,State Housing Board,Kerala,Kochi,Kochi Taluk,Kochi Village 7,9.95007,76.35658,7.18,3.58,49.8,40,6,Completed,2024-02-20,In Progress,71.9,Approved,95,Not Started,,3432336.0,1404154.0,2028182.0,1,Low,In Progress,41.7,In Progress,43.5,51.6,75.9,Survey,2027-04-22,,2024-01-21,0.451,1,163.9
ACQ-0309,IRR-KE-0309,Irrigation Canal Project 309,Irrigation Canal,Ministry of Jal Shakti,State Road Development Corporation,Kerala,Thiruvananthapuram,Thiruvananthapuram Taluk,Thiruvananthapuram Village 1,8.5515,77.03227,49.87,31.17,62.5,41,12,Completed,2022-10-25,In Progress,86.2,Approved,24,Completed,2023-04-13,39750981.0,28866580.0,10884401.0,1,Low,In Progress,63.4,In Progress,30.3,58.0,94.0,Compensation,2025-08-07,,2022-09-25,0.419,0,20.3
ACQ-0310,RAI-UT-0310,Railway Corridor Project 310,Railway Corridor,Ministry of Railways,State Metro Rail Corporation,Uttar Pradesh,Varanasi,Varanasi Taluk,Varanasi Village 2,25.10678,83.20085,30.2,0.38,1.3,352,176,Pending,,Not Started,1.4,Pending,32,Not Started,,603121.0,40518.0,562603.0,4,High,In Progress,7.7,In Progress,8.2,75.0,57.1,Proposal,2026-05-21,,2022-08-31,0.37,1,224.1
ACQ-0311,WAT-PU-0311,Water Reservoir Project 311,Water Reservoir,Ministry of Jal Shakti,State Housing Board,Punjab,Amritsar,Amritsar Taluk,Amritsar Village 3,31.54762,74.74469,4.38,1.24,28.3,110,10,In Progress,,In Progress,20.6,Pending,50,Not Started,,1230114.0,291114.0,939000.0,2,None,In Progress,24.7,In Progress,25.2,60.1,64.9,Approval,2027-05-25,,2026-04-22,0.497,0,23.9
ACQ-0312,MET-OD-0312,Metro Rail Project 312,Metro Rail,Ministry of Housing and Urban Affairs,National Highways Authority of India,Odisha,Bhubaneswar,Bhubaneswar Taluk,Bhubaneswar Village 4,20.37625,85.66761,16.99,11.93,70.2,81,37,Completed,2023-05-12,In Progress,51.6,Approved,50,Completed,2023-10-29,6818315.0,2767447.0,4050868.0,0,None,In Progress,48.4,In Progress,31.5,70.5,88.3,Compensation,2027-09-17,,2023-04-12,0.264,0,18.4
ACQ-0313,SOL-TE-0313,Solar Park Project 313,Solar Park,Ministry of New and Renewable Energy,State Industrial Development Corporation,Telangana,Hyderabad,Hyderabad Taluk,Hyderabad Village 5,17.20042,78.6352,10.9,0.0,0.0,79,1,In Progress,,In Progress,10.9,Pending,18,Not Started,,0.0,0.0,0.0,3,Medium,In Progress,7.8,In Progress,6.4,94.9,55.4,Proposal,2028-06-14,,2024-03-11,0.314,0,16.0
ACQ-0314,NAT-MA-0314,National Highway Project 314,National Highway,Ministry of Road Transport and Highways,Rail Land Development Authority,Maharashtra,Pune,Pune Taluk,Pune Village 6,18.48419,73.88124,39.46,21.63,54.8,16,6,Completed,2022-06-18,In Progress,31.1,Approved,0,Not Started,,33356687.0,12019765.0,21336922.0,1,Low,In Progress,45.1,In Progress,17.6,85.7,55.9,Survey,2023-07-04,,2022-05-19,0.291,1,153.3
ACQ-0315,IND-GU-0315,Industrial Corridor Project 315,Industrial Corridor,Ministry of Commerce and Industry,State Metro Rail Corporation,Gujarat,Rajkot,Rajkot Taluk,Rajkot Village 7,22.48827,70.90301,38.32,25.3,66.0,96,30,Completed,2026-02-10,In Progress,63.7,Approved,4,Completed,2026-07-30,13690591.0,5829655.0,7860936.0,0,None,In Progress,32.9,In Progress,59.6,65.1,60.2,Compensation,2030-08-26,,2026-01-11,0.336,0,13.8
ACQ-0316,AIR-MA-0316,Airport Expansion Project 316,Airport Expansion,Ministry of Civil Aviation,National Highways Authority of India,Maharashtra,Pune,Pune Taluk,Pune Village 1,18.25804,73.80235,14.85,14.85,100.0,99,7,Completed,2024-03-09,Completed,100.0,Approved,9,Completed,2024-08-26,16853380.0,12412275.0,4441105.0,1,None,In Progress,74.2,In Progress,47.4,71.5,41.2,Rehabilitation,2028-08-12,,2024-02-08,0.336,0,10.4
ACQ-0317,POW-TA-0317,Power Transmission Line Project 317,Power Transmission Line,Ministry of Power,State Housing Board,Tamil Nadu,Chennai,Chennai Taluk,Chennai Village 2,12.86767,80.41668,18.72,3.02,16.2,248,155,In Progress,,In Progress,27.2,Pending,79,Pending,,2970015.0,803720.0,2166295.0,1,None,In Progress,16.3,In Progress,15.3,71.7,42.1,Approval,2028-08-27,,2024-11-23,0.459,1,153.0
ACQ-0318,IND-OD-0318,Industrial Corridor Project 318,Industrial Corridor,Ministry of Commerce and Industry,State Metro Rail Corporation,Odisha,Bhubaneswar,Bhubaneswar Taluk,Bhubaneswar Village 3,20.30672,85.71069,10.52,4.04,38.4,83,20,Completed,2023-05-04,In Progress,43.6,Approved,3,Completed,2023-10-21,2195935.0,1075831.0,1120104.0,0,None,In Progress,52.0,In Progress,17.1,68.6,56.5,Award,2028-02-27,,2023-04-04,0.309,0,17.5
ACQ-0319,RAI-PU-0319,Railway Corridor Project 319,Railway Corridor,Ministry of Railways,State Housing Board,Punjab,Amritsar,Amritsar Taluk,Amritsar Village 4,31.72158,74.67224,14.04,5.05,36.0,161,88,Completed,2024-04-29,In Progress,30.3,Approved,9,Pending,,6438202.0,2357277.0,4080925.0,3,Low,In Progress,37.6,In Progress,17.0,73.5,73.4,Notification,2026-10-13,,2024-03-30,0.556,0,25.1
ACQ-0320,SOL-KE-0320,Solar Park Project 320,Solar Park,Ministry of New and Renewable Energy,State Metro Rail Corporation,Kerala,Thiruvananthapuram,Thiruvananthapuram Taluk,Thiruvananthapuram Village 5,8.66668,76.6682,9.48,4.51,47.6,65,7,Completed,2025-06-21,In Progress,67.7,Approved,17,Completed,2025-12-08,6398024.0,4381161.0,2016863.0,1,None,In Progress,52.8,In Progress,54.4,86.0,50.8,Legal,2028-06-08,,2025-05-22,0.349,1,87.5
ACQ-0321,URB-WE-0321,Urban Housing Project 321,Urban Housing,Ministry of Housing and Urban Affairs,State Industrial Development Corporation,West Bengal,Siliguri,Siliguri Taluk,Siliguri Village 6,26.65029,88.25567,9.89,2.32,23.5,128,21,In Progress,,In Progress,23.8,Pending,25,Not Started,,1313394.0,311902.0,1001492.0,3,Low,In Progress,22.5,In Progress,9.9,70.7,75.0,Approval,2026-05-12,,2024-01-24,0.349,1,163.9
ACQ-0322,SOL-MA-0322,Solar Park Project 322,Solar Park,Ministry of New and Renewable Energy,State Road Development Corporation,Maharashtra,Aurangabad,Aurangabad Taluk,Aurangabad Village 7,19.76077,75.3276,76.42,23.04,30.1,244,26,Pending,,Not Started,9.8,Pending,40,Not Started,,19479060.0,3577191.0,15901869.0,2,None,In Progress,29.7,In Progress,8.6,66.0,49.3,Approval,2026-12-05,,2023-04-05,0.42,0,25.4
ACQ-0323,IRR-GU-0323,Irrigation Canal Project 323,Irrigation Canal,Ministry of Jal Shakti,Central Warehousing Corporation,Gujarat,Ahmedabad,Ahmedabad Taluk,Ahmedabad Village 1,23.08533,72.59497,2.23,0.69,30.9,47,1,Completed,2022-06-04,In Progress,35.8,Approved,45,Not Started,,739909.0,243614.0,496295.0,2,High,In Progress,27.1,In Progress,20.4,67.1,65.8,Notification,2024-10-01,,2022-05-05,0.421,1,212.4
ACQ-0324,IRR-RA-0324,Irrigation Canal Project 324,Irrigation Canal,Ministry of Jal Shakti,State Power Transmission Corporation,Rajasthan,Jaisalmer,Jaisalmer Taluk,Jaisalmer Village 2,26.9079,71.04185,9.52,5.92,62.2,94,17,Completed,2026-03-01,In Progress,67.0,Approved,11,Completed,2026-08-18,4220321.0,2574573.0,1645748.0,0,None,In Progress,52.9,In Progress,30.4,89.9,40.3,Compensation,2029-10-21,,2026-01-30,0.364,1,98.6
ACQ-0325,POR-KA-0325,Port Expansion Project 325,Port Expansion,"Ministry of Ports, Shipping and Waterways",State Metro Rail Corporation,Karnataka,Mangaluru,Mangaluru Taluk,Mangaluru Village 3,12.94009,74.79836,14.81,2.24,15.1,169,53,In Progress,,In Progress,29.7,Pending,148,Pending,,2258930.0,503491.0,1755439.0,3,Medium,In Progress,24.9,In Progress,10.2,51.4,63.0,Approval,2028-02-14,,2024-10-04,0.368,1,225.3
ACQ-0326,URB-RA-0326,Urban Housing Project 326,Urban Housing,Ministry of Housing and Urban Affairs,State Industrial Development Corporation,Rajasthan,Udaipur,Udaipur Taluk,Udaipur Village 4,24.51452,73.46643,88.15,24.09,27.3,168,46,Pending,,In Progress,43.6,Pending,94,Not Started,,36231709.0,9488249.0,26743460.0,3,None,In Progress,15.8,In Progress,26.8,44.0,74.2,Approval,2027-01-15,,2024-02-10,0.464,0,25.5
ACQ-0327,POW-KE-0327,Power Transmission Line Project 327,Power Transmission Line,Ministry of Power,State Housing Board,Kerala,Thiruvananthapuram,Thiruvananthapuram Taluk,Thiruvananthapuram Village 5,8.43894,76.81978,16.47,11.39,69.2,127,7,Completed,2022-04-06,In Progress,67.0,Approved,4,Completed,2022-09-23,9159073.0,7391819.0,1767254.0,2,Medium,In Progress,54.6,In Progress,50.3,89.9,67.5,Legal,2024-08-09,,2022-03-07,0.428,1,110.7
ACQ-0328,SOL-GU-0328,Solar Park Project 328,Solar Park,Ministry of New and Renewable Energy,State Road Development Corporation,Gujarat,Surat,Surat Taluk,Surat Village 6,21.49786,72.83096,3.86,1.47,38.2,43,14,Completed,2022-07-10,In Progress,65.5,Approved,9,Completed,2022-12-27,1981435.0,874773.0,1106662.0,6,Medium,In Progress,35.5,In Progress,30.5,50.6,89.7,Award,2026-08-09,,2022-06-10,0.55,1,184.4
ACQ-0329,URB-WE-0329,Urban Housing Project 329,Urban Housing,Ministry of Housing and Urban Affairs,State Road Development Corporation,West Bengal,Bardhaman,Bardhaman Taluk,Bardhaman Village 7,23.37023,87.9206,12.25,0.51,4.2,44,14,Pending,,In Progress,30.6,Pending,17,Pending,,239305.0,45759.0,193546.0,0,None,In Progress,19.3,In Progress,13.4,85.8,29.0,Scrutiny,2027-06-25,,2026-05-03,0.459,1,150.0
ACQ-0330,AIR-TA-0330,Airport Expansion Project 330,Airport Expansion,Ministry of Civil Aviation,State Housing Board,Tamil Nadu,Madurai,Madurai Taluk,Madurai Village 1,10.08406,78.02538,5.36,0.03,0.5,386,102,Pending,,Not Started,5.9,Pending,36,Not Started,,39172.0,5849.0,33323.0,4,None,In Progress,16.5,In Progress,16.6,80.8,79.4,Scrutiny,2025-08-19,,2024-03-22,0.457,1,156.9
ACQ-0331,NAT-TE-0331,National Highway Project 331,National Highway,Ministry of Road Transport and Highways,State Housing Board,Telangana,Warangal,Warangal Taluk,Warangal Village 2,17.85153,79.81726,48.65,14.38,29.6,87,31,In Progress,,In Progress,24.6,Pending,32,Not Started,,17342381.0,4158393.0,13183988.0,2,Low,In Progress,27.7,In Progress,14.1,63.4,69.6,Approval,2027-03-02,,2023-09-10,0.507,1,190.7
ACQ-0332,SOL-TE-0332,Solar Park Project 332,Solar Park,Ministry of New and Renewable Energy,State Metro Rail Corporation,Telangana,Warangal,Warangal Taluk,Warangal Village 3,17.90845,79.72163,50.58,35.73,70.6,54,41,Completed,2024-08-30,In Progress,68.2,Approved,26,Completed,2025-02-16,45598102.0,25400413.0,20197689.0,0,None,In Progress,73.9,In Progress,57.5,86.5,61.1,Legal,2026-05-25,,2024-07-31,0.254,0,10.5
ACQ-0333,NAT-UT-0333,National Highway Project 333,National Highway,Ministry of Road Transport and Highways,State Industrial Development Corporation,Uttar Pradesh,Varanasi,Varanasi Taluk,Varanasi Village 4,25.45163,83.02275,43.32,28.89,66.7,318,138,Completed,2025-07-16,In Progress,44.4,Approved,47,Completed,2026-01-02,46917799.0,17539114.0,29378685.0,0,None,In Progress,45.5,In Progress,32.0,77.0,50.0,Compensation,2027-11-26,,2025-06-16,0.462,0,18.5
ACQ-0334,IND-KA-0334,Industrial Corridor Project 334,Industrial Corridor,Ministry of Commerce and Industry,State Road Development Corporation,Karnataka,Kalaburagi,Kalaburagi Taluk,Kalaburagi Village 5,17.38555,76.88939,21.82,14.65,67.1,53,5,Completed,2026-07-28,In Progress,62.7,Approved,4,Completed,2027-01-14,7381003.0,4345847.0,3035156.0,6,None,In Progress,39.8,In Progress,52.0,97.6,56.0,Award,2028-06-13,,2026-06-28,0.354,0,11.6
ACQ-0335,NAT-MA-0335,National Highway Project 335,National Highway,Ministry of Road Transport and Highways,State Metro Rail Corporation,Maharashtra,Aurangabad,Aurangabad Taluk,Aurangabad Village 6,19.79327,75.38427,22.99,10.62,46.2,44,7,Completed,2021-12-22,In Progress,49.4,Approved,3,Pending,,8489513.0,3123185.0,5366328.0,2,Medium,In Progress,34.7,In Progress,23.1,67.1,62.7,Survey,2024-10-07,,2021-11-22,0.318,0,24.5
ACQ-0336,IND-KE-0336,Industrial Corridor Project 336,Industrial Corridor,Ministry of Commerce and Industry,Central Warehousing Corporation,Kerala,Thiruvananthapuram,Thiruvananthapuram Taluk,Thiruvananthapuram Village 7,8.54924,76.82065,99.43,52.35,52.7,22,8,Completed,2024-10-23,In Progress,45.1,Approved,14,Completed,2025-04-11,41989809.0,25448445.0,16541364.0,2,High,In Progress,36.6,In Progress,23.8,65.3,47.1,Award,2027-07-08,,2024-09-23,0.434,1,172.3
ACQ-0337,STA-UT-0337,State Highway Project 337,State Highway,State Public Works Department,Rail Land Development Authority,Uttar Pradesh,Kanpur,Kanpur Taluk,Kanpur Village 1,26.51876,80.16428,65.93,39.95,60.6,126,50,Completed,2023-07-05,In Progress,55.4,Approved,4,Completed,2023-12-22,26896116.0,10397975.0,16498141.0,1,None,In Progress,51.9,In Progress,39.2,78.6,72.9,Compensation,2025-02-21,,2023-06-05,0.301,0,15.3
ACQ-0338,AIR-TA-0338,Airport Expansion Project 338,Airport Expansion,Ministry of Civil Aviation,Rail Land Development Authority,Tamil Nadu,Salem,Salem Taluk,Salem Village 2,11.72372,78.03327,82.4,59.27,71.9,76,45,Completed,2023-02-22,In Progress,87.1,Approved,7,Completed,2023-08-11,63740858.0,41177848.0,22563010.0,1,None,In Progress,55.3,In Progress,32.1,77.0,62.7,Legal,2024-05-24,,2023-01-23,0.35,0,13.4
ACQ-0339,IRR-KA-0339,Irrigation Canal Project 339,Irrigation Canal,Ministry of Jal Shakti,State Housing Board,Karnataka,Mangaluru,Mangaluru Taluk,Mangaluru Village 3,12.73089,75.07327,13.01,9.45,72.7,59,24,Completed,2023-11-02,In Progress,42.8,Approved,25,Completed,2024-04-20,5062667.0,2346333.0,2716334.0,1,Low,In Progress,67.8,In Progress,63.0,79.1,69.0,Compensation,2028-03-31,,2023-10-03,0.476,1,125.4
ACQ-0340,MET-TE-0340,Metro Rail Project 340,Metro Rail,Ministry of Housing and Urban Affairs,State Industrial Development Corporation,Telangana,Warangal,Warangal Taluk,Warangal Village 4,18.10624,79.45684,46.57,24.52,52.7,5,2,Completed,2026-05-01,In Progress,35.9,Approved,2,Completed,2026-10-18,22282537.0,8094983.0,14187554.0,4,None,In Progress,42.8,In Progress,49.0,80.6,62.1,Award,2029-03-19,,2026-04-01,0.39,0,20.4
ACQ-0341,NAT-GU-0341,National Highway Project 341,National Highway,Ministry of Road Transport and Highways,Central Warehousing Corporation,Gujarat,Ahmedabad,Ahmedabad Taluk,Ahmedabad Village 5,23.23664,72.35478,12.59,8.91,70.8,361,107,Completed,2023-12-30,In Progress,78.2,Approved,7,Completed,2024-06-17,4913012.0,2592543.0,2320469.0,0,None,In Progress,68.8,In Progress,20.8,51.2,55.9,Compensation,2025-04-21,,2023-11-30,0.376,0,20.7
ACQ-0342,MET-KA-0342,Metro Rail Project 342,Metro Rail,Ministry of Housing and Urban Affairs,State Road Development Corporation,Karnataka,Bengaluru Urban,Bengaluru Urban Taluk,Bengaluru Urban Village 6,12.69354,77.56285,45.76,7.61,16.6,38,5,Pending,,In Progress,28.3,Pending,5,Not Started,,12158347.0,1237349.0,10920998.0,3,Medium,In Progress,9.8,In Progress,8.2,65.4,22.5,Scrutiny,2026-11-15,,2024-03-31,0.501,1,204.4
ACQ-0343,MET-KE-0343,Metro Rail Project 343,Metro Rail,Ministry of Housing and Urban Affairs,National Highways Authority of India,Kerala,Kochi,Kochi Taluk,Kochi Village 7,9.86115,76.35726,30.53,13.47,44.1,72,6,Completed,2025-02-07,In Progress,33.6,Approved,7,Pending,,5866456.0,2633499.0,3232957.0,0,None,In Progress,45.5,In Progress,27.0,78.7,84.4,Survey,2027-04-12,,2025-01-08,0.356,0,17.0
ACQ-0344,NAT-TE-0344,National Highway Project 344,National Highway,Ministry of Road Transport and Highways,Rail Land Development Authority,Telangana,Hyderabad,Hyderabad Taluk,Hyderabad Village 1,17.56197,78.6812,7.88,4.62,58.6,42,25,Completed,2022-02-13,In Progress,57.6,Approved,11,Completed,2022-08-02,4137063.0,2435856.0,1701207.0,0,None,In Progress,32.2,In Progress,38.4,57.6,32.1,Award,2025-12-06,,2022-01-14,0.392,0,15.3
ACQ-0345,WAT-RA-0345,Water Reservoir Project 345,Water Reservoir,Ministry of Jal Shakti,State Power Transmission Corporation,Rajasthan,Jaipur,Jaipur Taluk,Jaipur Village 2,27.25589,75.5801,54.4,41.86,76.9,55,15,Completed,2023-05-14,In Progress,78.9,Approved,34,Completed,2023-10-31,44889563.0,30444792.0,14444771.0,0,None,In Progress,67.2,In Progress,50.2,94.4,30.2,Compensation,2025-09-07,,2023-04-14,0.374,0,10.7
ACQ-0346,MET-PU-0346,Metro Rail Project 346,Metro Rail,Ministry of Housing and Urban Affairs,State Metro Rail Corporation,Punjab,Amritsar,Amritsar Taluk,Amritsar Village 3,31.67908,75.17558,28.42,27.0,95.0,88,31,Completed,2023-11-07,In Progress,90.5,Approved,11,Completed,2024-04-25,32212438.0,17485496.0,14726942.0,2,High,In Progress,60.3,In Progress,27.4,69.6,71.6,Rehabilitation,2027-07-02,,2023-10-08,0.303,0,25.2
ACQ-0347,POW-TE-0347,Power Transmission Line Project 347,Power Transmission Line,Ministry of Power,State Metro Rail Corporation,Telangana,Hyderabad,Hyderabad Taluk,Hyderabad Village 4,17.42072,78.55137,100.97,29.65,29.4,66,11,Completed,2025-04-13,In Progress,25.8,Approved,79,Pending,,26237549.0,8487575.0,17749974.0,1,Low,In Progress,33.8,In Progress,30.1,96.9,53.7,Notification,2026-09-18,,2025-03-14,0.189,0,20.0
ACQ-0348,NAT-UT-0348,National Highway Project 348,National Highway,Ministry of Road Transport and Highways,State Power Transmission Corporation,Uttar Pradesh,Kanpur,Kanpur Taluk,Kanpur Village 5,26.57336,80.16953,5.26,5.26,100.0,150,61,Completed,2025-03-12,Completed,96.0,Approved,28,Completed,2025-08-29,2398657.0,1561311.0,837346.0,1,Low,In Progress,83.6,In Progress,79.9,69.9,71.1,Rehabilitation,2028-09-08,,2025-02-10,0.319,0,15.5
ACQ-0349,WAT-TE-0349,Water Reservoir Project 349,Water Reservoir,Ministry of Jal Shakti,Central Warehousing Corporation,Telangana,Warangal,Warangal Taluk,Warangal Village 6,17.80187,79.68684,23.0,9.62,41.8,183,31,Completed,2022-04-20,In Progress,47.7,Approved,24,Not Started,,6606267.0,2225688.0,4380579.0,1,None,In Progress,42.4,In Progress,40.2,94.9,78.9,Survey,2025-12-02,,2022-03-21,0.375,0,16.0
ACQ-0350,MET-TE-0350,Metro Rail Project 350,Metro Rail,Ministry of Housing and Urban Affairs,State Industrial Development Corporation,Telangana,Warangal,Warangal Taluk,Warangal Village 7,17.84805,79.54536,185.88,81.0,43.6,52,2,Completed,2022-02-08,In Progress,40.6,Approved,3,Pending,,107552723.0,36640995.0,70911728.0,1,Medium,In Progress,36.4,In Progress,30.3,82.8,66.2,Notification,2025-03-14,,2022-01-09,0.385,0,23.7
ACQ-0351,POW-KA-0351,Power Transmission Line Project 351,Power Transmission Line,Ministry of Power,Rail Land Development Authority,Karnataka,Kalaburagi,Kalaburagi Taluk,Kalaburagi Village 1,17.37693,76.83986,18.76,8.65,46.1,113,26,Completed,2022-04-17,In Progress,30.7,Approved,18,Not Started,,10818322.0,2949207.0,7869115.0,1,None,In Progress,26.2,In Progress,22.1,82.5,17.9,Survey,2026-10-21,,2022-03-18,0.272,0,19.5
ACQ-0352,POR-PU-0352,Port Expansion Project 352,Port Expansion,"Ministry of Ports, Shipping and Waterways",State Power Transmission Corporation,Punjab,Ludhiana,Ludhiana Taluk,Ludhiana Village 2,30.794,75.96794,22.87,3.63,15.9,109,20,Pending,,Not Started,0.0,Pending,35,Pending,,3694625.0,364531.0,3330094.0,3,None,In Progress,13.7,In Progress,14.4,86.3,44.2,Scrutiny,2027-01-29,,2025-03-04,0.325,1,154.8
ACQ-0353,STA-PU-0353,State Highway Project 353,State Highway,State Public Works Department,State Industrial Development Corporation,Punjab,Ludhiana,Ludhiana Taluk,Ludhiana Village 3,31.05783,75.84843,26.78,19.14,71.5,55,7,Completed,2022-04-28,In Progress,83.9,Approved,22,Completed,2022-10-15,31693044.0,28164135.0,3528909.0,0,None,In Progress,87.7,In Progress,26.0,85.4,88.9,Possession,2025-11-20,,2022-03-29,0.482,0,13.2
ACQ-0354,POR-OD-0354,Port Expansion Project 354,Port Expansion,"Ministry of Ports, Shipping and Waterways",State Industrial Development Corporation,Odisha,Bhubaneswar,Bhubaneswar Taluk,Bhubaneswar Village 4,20.19745,85.75102,27.99,20.99,75.0,28,2,Completed,2023-06-04,In Progress,90.0,Approved,5,Completed,2023-11-21,36776750.0,15206123.0,21570627.0,1,None,In Progress,87.4,In Progress,44.2,89.8,78.1,Possession,2025-03-07,,2023-05-05,0.326,0,14.4
ACQ-0355,MET-KA-0355,Metro Rail Project 355,Metro Rail,Ministry of Housing and Urban Affairs,State Road Development Corporation,Karnataka,Bengaluru Urban,Bengaluru Urban Taluk,Bengaluru Urban Village 5,12.95142,77.38731,18.17,11.75,64.7,82,16,Completed,2023-02-10,In Progress,80.2,Approved,52,Completed,2023-07-30,17524562.0,11360583.0,6163979.0,1,Medium,In Progress,77.7,In Progress,52.5,75.4,75.5,Legal,2024-09-03,,2023-01-11,0.429,1,149.4
ACQ-0356,POW-GU-0356,Power Transmission Line Project 356,Power Transmission Line,Ministry of Power,State Industrial Development Corporation,Gujarat,Surat,Surat Taluk,Surat Village 6,20.89801,72.92556,32.57,17.1,52.5,16,0,Completed,2024-10-25,In Progress,50.9,Approved,54,Completed,2025-04-13,29494635.0,9559224.0,19935411.0,0,None,In Progress,55.5,In Progress,31.4,78.0,66.5,Award,2026-09-10,,2024-09-25,0.456,1,133.6
ACQ-0357,POR-RA-0357,Port Expansion Project 357,Port Expansion,"Ministry of Ports, Shipping and Waterways",State Power Transmission Corporation,Rajasthan,Jodhpur,Jodhpur Taluk,Jodhpur Village 7,26.17714,72.93558,122.06,51.58,42.3,41,16,Completed,2025-05-18,In Progress,17.9,Approved,4,Not Started,,51353237.0,18507175.0,32846062.0,2,Low,In Progress,28.7,In Progress,12.0,72.3,51.3,Notification,2029-04-17,,2025-04-18,0.409,1,159.7
ACQ-0358,STA-MA-0358,State Highway Project 358,State Highway,State Public Works Department,State Housing Board,Madhya Pradesh,Gwalior,Gwalior Taluk,Gwalior Village 1,26.05278,78.35741,7.71,5.7,73.9,184,40,Completed,2024-11-05,In Progress,86.5,Approved,15,Completed,2025-04-24,6317747.0,3487933.0,2829814.0,0,None,In Progress,54.5,In Progress,25.5,84.7,87.8,Legal,2026-02-26,,2024-10-06,0.514,1,115.8
ACQ-0359,IND-WE-0359,Industrial Corridor Project 359,Industrial Corridor,Ministry of Commerce and Industry,State Power Transmission Corporation,West Bengal,Kolkata,Kolkata Taluk,Kolkata Village 2,22.58732,88.15198,21.94,10.27,46.8,76,36,Completed,2022-04-11,In Progress,37.2,Approved,14,Pending,,7327194.0,2626286.0,4700908.0,3,Medium,In Progress,23.2,In Progress,41.1,84.1,72.3,Survey,2026-08-10,,2022-03-12,0.285,1,143.1
ACQ-0360,AIR-KA-0360,Airport Expansion Project 360,Airport Expansion,Ministry of Civil Aviation,Central Warehousing Corporation,Karnataka,Belagavi,Belagavi Taluk,Belagavi Village 3,15.82247,74.48276,5.57,2.54,45.6,67,25,Completed,2022-12-17,In Progress,44.4,Approved,1,Pending,,1782254.0,744700.0,1037554.0,2,None,In Progress,31.5,In Progress,29.4,86.6,66.8,Notification,2025-10-09,,2022-11-17,0.347,0,16.6
ACQ-0361,POR-UT-0361,Port Expansion Project 361,Port Expansion,"Ministry of Ports, Shipping and Waterways",State Power Transmission Corporation,Uttar Pradesh,Noida,Noida Taluk,Noida Village 4,28.28744,77.36875,33.19,15.72,47.4,51,18,Completed,2023-03-17,In Progress,44.7,Approved,20,Not Started,,13790888.0,4279174.0,9511714.0,2,High,In Progress,25.6,In Progress,19.4,53.4,90.9,Notification,2027-06-25,,2023-02-15,0.403,1,209.4
ACQ-0362,POR-PU-0362,Port Expansion Project 362,Port Expansion,"Ministry of Ports, Shipping and Waterways",Rail Land Development Authority,Punjab,Amritsar,Amritsar Taluk,Amritsar Village 5,31.85986,74.93308,155.73,119.99,77.0,191,17,Completed,2022-09-03,In Progress,74.8,Approved,32,Completed,2023-02-20,68408175.0,51072053.0,17336122.0,1,None,In Progress,54.9,In Progress,47.7,64.3,68.2,Legal,2024-01-26,,2022-08-04,0.405,0,15.0
ACQ-0363,RAI-TA-0363,Railway Corridor Project 363,Railway Corridor,Ministry of Railways,National Highways Authority of India,Tamil Nadu,Salem,Salem Taluk,Salem Village 6,11.68952,78.10868,75.01,44.35,59.1,52,25,Completed,2023-03-07,In Progress,43.2,Approved,25,Completed,2023-08-24,34881505.0,14999739.0,19881766.0,0,None,In Progress,36.7,In Progress,46.2,63.5,75.9,Award,2026-08-10,,2023-02-05,0.257,0,17.0
ACQ-0364,NAT-MA-0364,National Highway Project 364,National Highway,Ministry of Road Transport and Highways,Central Warehousing Corporation,Maharashtra,Ratnagiri,Ratnagiri Taluk,Ratnagiri Village 7,16.85113,73.56506,18.11,7.83,43.2,56,19,Pending,,In Progress,31.4,Pending,8,Pending,,5489613.0,1387198.0,4102415.0,4,Medium,In Progress,26.5,In Progress,14.9,82.7,42.3,Approval,2026-06-15,,2025-03-14,0.408,0,28.8
ACQ-0365,AIR-KA-0365,Airport Expansion Project 365,Airport Expansion,Ministry of Civil Aviation,State Housing Board,Karnataka,Bengaluru Urban,Bengaluru Urban Taluk,Bengaluru Urban Village 1,12.80273,77.26915,20.16,10.33,51.2,65,16,Completed,2021-10-30,In Progress,62.9,Approved,17,Not Started,,11098343.0,3836130.0,7262213.0,4,Medium,In Progress,25.5,In Progress,24.9,37.9,36.4,Survey,2024-03-16,,2021-09-30,0.494,1,200.6
ACQ-0366,AIR-KA-0366,Airport Expansion Project 366,Airport Expansion,Ministry of Civil Aviation,Central Warehousing Corporation,Karnataka,Mangaluru,Mangaluru Taluk,Mangaluru Village 2,12.98583,74.81497,45.72,6.54,14.3,176,12,In Progress,,Not Started,4.1,Pending,148,Not Started,,2953795.0,172628.0,2781167.0,2,None,In Progress,5.7,Not Started,3.8,83.6,87.8,Proposal,2027-06-21,,2022-10-29,0.445,1,184.3
ACQ-0367,RAI-KE-0367,Railway Corridor Project 367,Railway Corridor,Ministry of Railways,State Road Development Corporation,Kerala,Thiruvananthapuram,Thiruvananthapuram Taluk,Thiruvananthapuram Village 3,8.39425,76.7581,53.62,48.46,90.4,72,12,Completed,2023-11-16,In Progress,86.0,Approved,53,Completed,2024-05-04,87006406.0,58840592.0,28165814.0,2,Low,In Progress,83.1,In Progress,53.3,88.7,78.8,Rehabilitation,2026-05-28,,2023-10-17,0.558,1,128.3
ACQ-0368,URB-GU-0368,Urban Housing Project 368,Urban Housing,Ministry of Housing and Urban Affairs,State Metro Rail Corporation,Gujarat,Surat,Surat Taluk,Surat Village 4,21.13227,72.92166,11.4,8.48,74.4,135,61,Completed,2024-03-02,Completed,99.8,Approved,22,Completed,2024-08-19,6865898.0,3985747.0,2880151.0,1,None,In Progress,89.3,In Progress,71.2,87.6,79.6,Possession,2028-04-07,,2024-02-01,0.345,0,15.4
ACQ-0369,IND-UT-0369,Industrial Corridor Project 369,Industrial Corridor,Ministry of Commerce and Industry,Central Warehousing Corporation,Uttar Pradesh,Lucknow,Lucknow Taluk,Lucknow Village 5,27.14118,80.96386,28.85,13.51,46.8,50,4,Completed,2022-06-07,In Progress,46.0,Approved,6,Completed,2022-11-24,7814037.0,3642545.0,4171492.0,2,None,In Progress,45.7,In Progress,43.7,64.4,19.6,Award,2024-03-25,,2022-05-08,0.394,1,132.3
ACQ-0370,IRR-KE-0370,Irrigation Canal Project 370,Irrigation Canal,Ministry of Jal Shakti,State Road Development Corporation,Kerala,Kochi,Kochi Taluk,Kochi Village 6,9.72941,76.10435,22.88,12.39,54.2,52,19,Completed,2022-11-29,In Progress,57.8,Approved,13,Completed,2023-05-18,14838097.0,6081259.0,8756838.0,1,Medium,In Progress,67.0,In Progress,48.3,57.6,74.9,Compensation,2027-06-10,,2022-10-30,0.391,1,154.0
ACQ-0371,POW-KA-0371,Power Transmission Line Project 371,Power Transmission Line,Ministry of Power,Central Warehousing Corporation,Karnataka,Mangaluru,Mangaluru Taluk,Mangaluru Village 7,12.72981,74.89164,99.16,48.6,49.0,75,21,Completed,2021-11-19,In Progress,57.0,Approved,6,Not Started,,79948293.0,38974305.0,40973988.0,2,None,In Progress,37.2,In Progress,25.0,68.8,58.5,Survey,2024-05-13,,2021-10-20,0.471,0,17.5
ACQ-0372,STA-KA-0372,State Highway Project 372,State Highway,State Public Works Department,State Housing Board,Karnataka,Bengaluru Urban,Bengaluru Urban Taluk,Bengaluru Urban Village 1,13.18207,77.75664,5.47,4.33,79.2,245,91,Completed,2021-12-10,In Progress,74.7,Approved,5,Completed,2022-05-29,3537726.0,2501565.0,1036161.0,1,Low,In Progress,43.6,In Progress,31.6,91.4,69.7,Possession,2025-07-14,,2021-11-10,0.468,1,124.5
ACQ-0373,AIR-WE-0373,Airport Expansion Project 373,Airport Expansion,Ministry of Civil Aviation,National Highways Authority of India,West Bengal,Bardhaman,Bardhaman Taluk,Bardhaman Village 2,23.493,87.75648,53.21,22.37,42.0,6,0,Completed,2025-10-24,In Progress,44.8,Approved,45,Not Started,,37601837.0,15628277.0,21973560.0,2,None,In Progress,36.6,In Progress,31.9,74.0,75.1,Notification,2028-04-02,,2025-09-24,0.241,1,110.3
ACQ-0374,AIR-MA-0374,Airport Expansion Project 374,Airport Expansion,Ministry of Civil Aviation,National Highways Authority of India,Maharashtra,Nagpur,Nagpur Taluk,Nagpur Village 3,21.1682,79.16979,13.84,2.84,20.5,62,8,In Progress,,In Progress,21.2,Pending,20,Pending,,3319443.0,877423.0,2442020.0,1,High,In Progress,14.4,In Progress,21.4,75.5,83.2,Approval,2026-09-03,,2023-11-23,0.322,0,27.8
ACQ-0375,WAT-OD-0375,Water Reservoir Project 375,Water Reservoir,Ministry of Jal Shakti,Central Warehousing Corporation,Odisha,Bhubaneswar,Bhubaneswar Taluk,Bhubaneswar Village 4,20.42941,85.69549,18.51,15.88,85.8,295,26,Completed,2025-06-07,Completed,100.0,Approved,11,Completed,2025-11-24,12466695.0,6711488.0,5755207.0,0,None,In Progress,74.5,In Progress,34.1,96.8,51.4,Rehabilitation,2029-05-22,,2025-05-08,0.369,0,14.4
ACQ-0376,URB-RA-0376,Urban Housing Project 376,Urban Housing,Ministry of Housing and Urban Affairs,State Industrial Development Corporation,Rajasthan,Jaipur,Jaipur Taluk,Jaipur Village 5,26.94449,75.9072,25.85,18.61,72.0,61,19,Completed,2024-03-11,In Progress,70.1,Approved,1,Completed,2024-08-28,29243661.0,11416150.0,17827511.0,0,None,In Progress,47.1,In Progress,44.8,60.6,93.7,Compensation,2026-06-10,,2024-02-10,0.485,1,132.6
ACQ-0377,POW-UT-0377,Power Transmission Line Project 377,Power Transmission Line,Ministry of Power,Rail Land Development Authority,Uttar Pradesh,Varanasi,Varanasi Taluk,Varanasi Village 6,25.36075,83.20862,27.68,24.96,90.2,124,20,Completed,2025-12-30,In Progress,66.9,Approved,33,Completed,2026-06-18,25824106.0,20541156.0,5282950.0,0,None,In Progress,60.4,In Progress,80.9,63.0,70.3,Possession,2029-02-16,,2025-11-30,0.337,0,11.2
ACQ-0378,AIR-KE-0378,Airport Expansion Project 378,Airport Expansion,Ministry of Civil Aviation,State Power Transmission Corporation,Kerala,Kochi,Kochi Taluk,Kochi Village 7,10.12841,76.54721,66.07,5.37,8.1,141,21,In Progress,,In Progress,20.8,Pending,13,Pending,,6266893.0,293732.0,5973161.0,3,Medium,In Progress,5.7,Not Started,3.2,55.1,92.4,Proposal,2025-11-17,,2022-06-17,0.289,0,30.3
ACQ-0379,IND-WE-0379,Industrial Corridor Project 379,Industrial Corridor,Ministry of Commerce and Industry,National Highways Authority of India,West Bengal,Durgapur,Durgapur Taluk,Durgapur Village 1,23.48012,87.24213,35.59,24.28,68.2,29,12,Completed,2021-11-16,In Progress,58.0,Approved,6,Completed,2022-05-05,24211385.0,9565892.0,14645493.0,0,None,In Progress,59.4,In Progress,31.0,84.7,39.2,Compensation,2025-06-04,,2021-10-17,0.271,0,16.0
ACQ-0380,MET-MA-0380,Metro Rail Project 380,Metro Rail,Ministry of Housing and Urban Affairs,State Power Transmission Corporation,Madhya Pradesh,Gwalior,Gwalior Taluk,Gwalior Village 2,26.27055,78.52204,11.78,5.54,47.0,31,16,Completed,2026-03-20,In Progress,58.2,Approved,58,Completed,2026-09-06,7413958.0,2482451.0,4931507.0,2,None,In Progress,27.8,In Progress,21.3,86.9,61.1,Award,2028-09-02,,2026-02-18,0.368,0,19.3
ACQ-0381,STA-TA-0381,State Highway Project 381,State Highway,State Public Works Department,State Metro Rail Corporation,Tamil Nadu,Salem,Salem Taluk,Salem Village 3,11.60412,77.99304,53.93,53.35,98.9,39,3,Completed,2023-03-09,In Progress,88.8,Approved,8,Completed,2023-08-26,48605680.0,42616538.0,5989142.0,0,None,In Progress,89.4,In Progress,62.6,71.2,74.7,Possession,2026-11-11,,2023-02-07,0.274,0,8.5
ACQ-0382,STA-KE-0382,State Highway Project 382,State Highway,State Public Works Department,State Metro Rail Corporation,Kerala,Kochi,Kochi Taluk,Kochi Village 4,9.90795,76.30264,275.45,118.77,43.1,20,0,Pending,,In Progress,21.2,Pending,71,Not Started,,99966914.0,27676097.0,72290817.0,0,None,In Progress,26.1,In Progress,9.5,61.9,74.7,Approval,2025-04-25,,2021-10-27,0.43,1,177.9
ACQ-0383,STA-WE-0383,State Highway Project 383,State Highway,State Public Works Department,State Road Development Corporation,West Bengal,Siliguri,Siliguri Taluk,Siliguri Village 5,26.66248,87.95456,12.68,1.46,11.5,44,10,In Progress,,Not Started,0.0,Pending,41,Not Started,,1269714.0,63893.0,1205821.0,2,None,In Progress,9.9,Not Started,3.4,91.7,53.2,Proposal,2025-07-04,,2021-11-19,0.412,0,25.0
ACQ-0384,RAI-RA-0384,Railway Corridor Project 384,Railway Corridor,Ministry of Railways,State Road Development Corporation,Rajasthan,Jaisalmer,Jaisalmer Taluk,Jaisalmer Village 6,26.87699,71.01406,49.39,19.09,38.6,85,3,In Progress,,In Progress,44.7,Pending,6,Not Started,,28397595.0,5742156.0,22655439.0,0,None,In Progress,19.6,In Progress,19.8,65.7,63.1,Approval,2027-07-26,,2024-08-25,0.494,1,161.3
ACQ-0385,STA-MA-0385,State Highway Project 385,State Highway,State Public Works Department,State Power Transmission Corporation,Maharashtra,Ratnagiri,Ratnagiri Taluk,Ratnagiri Village 7,16.7398,73.20127,52.45,31.81,60.7,48,19,Completed,2024-11-29,In Progress,60.4,Approved,12,Completed,2025-05-18,39407688.0,12084217.0,27323471.0,2,Low,In Progress,38.5,In Progress,40.3,70.2,29.5,Award,2027-01-23,,2024-10-30,0.404,0,22.1
ACQ-0386,NAT-WE-0386,National Highway Project 386,National Highway,Ministry of Road Transport and Highways,State Metro Rail Corporation,West Bengal,Durgapur,Durgapur Taluk,Durgapur Village 1,23.39296,87.4117,6.79,2.91,42.8,110,44,Completed,2024-05-12,In Progress,50.1,Approved,27,Pending,,1622762.0,806101.0,816661.0,0,None,In Progress,39.4,In Progress,45.0,71.1,56.2,Survey,2028-06-20,,2024-04-12,0.373,0,16.7
ACQ-0387,URB-KE-0387,Urban Housing Project 387,Urban Housing,Ministry of Housing and Urban Affairs,Rail Land Development Authority,Kerala,Kochi,Kochi Taluk,Kochi Village 2,9.74323,76.33278,14.93,10.6,71.0,106,25,Completed,2025-03-25,In Progress,70.5,Approved,2,Completed,2025-09-11,11123233.0,7104173.0,4019060.0,1,None,In Progress,33.7,In Progress,46.2,84.5,80.1,Compensation,2029-09-23,,2025-02-23,0.322,1,81.5
ACQ-0388,IRR-RA-0388,Irrigation Canal Project 388,Irrigation Canal,Ministry of Jal Shakti,State Housing Board,Rajasthan,Udaipur,Udaipur Taluk,Udaipur Village 3,24.61463,73.98234,18.25,5.9,32.3,75,59,Pending,,In Progress,24.7,Pending,37,Not Started,,10277344.0,1876621.0,8400723.0,5,Low,In Progress,23.5,In Progress,11.2,51.4,47.0,Approval,2023-06-07,,2021-11-15,0.467,1,167.1
ACQ-0389,STA-RA-0389,State Highway Project 389,State Highway,State Public Works Department,State Power Transmission Corporation,Rajasthan,Jodhpur,Jodhpur Taluk,Jodhpur Village 4,26.45405,73.07571,29.06,10.46,36.0,26,4,Completed,2023-04-11,In Progress,42.4,Approved,16,Pending,,8098996.0,2709028.0,5389968.0,1,Medium,In Progress,37.5,In Progress,25.2,50.9,55.5,Notification,2025-05-27,,2023-03-12,0.336,1,167.5
ACQ-0390,POR-MA-0390,Port Expansion Project 390,Port Expansion,"Ministry of Ports, Shipping and Waterways",State Road Development Corporation,Madhya Pradesh,Indore,Indore Taluk,Indore Village 5,22.72027,75.90428,36.41,7.58,20.8,48,19,Pending,,In Progress,33.5,Pending,290,Not Started,,11285924.0,2131067.0,9154857.0,1,None,In Progress,15.9,In Progress,18.7,50.2,91.3,Approval,2026-10-15,,2024-09-20,0.487,0,29.2
ACQ-0391,IND-OD-0391,Industrial Corridor Project 391,Industrial Corridor,Ministry of Commerce and Industry,State Housing Board,Odisha,Cuttack,Cuttack Taluk,Cuttack Village 6,20.39998,85.95562,26.61,11.78,44.3,47,3,Completed,2021-11-15,In Progress,37.8,Approved,4,Pending,,10251891.0,2736579.0,7515312.0,0,None,In Progress,49.8,In Progress,34.5,81.6,28.9,Survey,2023-05-30,,2021-10-16,0.43,0,17.2
ACQ-0392,URB-RA-0392,Urban Housing Project 392,Urban Housing,Ministry of Housing and Urban Affairs,State Industrial Development Corporation,Rajasthan,Udaipur,Udaipur Taluk,Udaipur Village 7,24.70331,73.92876,26.61,12.0,45.1,7,1,Completed,2023-02-25,In Progress,59.7,Approved,9,Completed,2023-08-14,5071648.0,2447074.0,2624574.0,0,None,In Progress,27.3,In Progress,39.9,74.3,49.1,Award,2025-01-26,,2023-01-26,0.324,0,14.9
ACQ-0393,IND-TA-0393,Industrial Corridor Project 393,Industrial Corridor,Ministry of Commerce and Industry,State Metro Rail Corporation,Tamil Nadu,Salem,Salem Taluk,Salem Village 1,11.75411,78.13441,12.09,8.0,66.2,90,9,Completed,2023-10-26,In Progress,77.2,Approved,2,Completed,2024-04-13,6441337.0,4359401.0,2081936.0,1,Low,In Progress,66.2,In Progress,54.3,61.3,71.0,Legal,2025-03-30,,2023-09-26,0.301,0,17.9
ACQ-0394,IND-OD-0394,Industrial Corridor Project 394,Industrial Corridor,Ministry of Commerce and Industry,Central Warehousing Corporation,Odisha,Bhubaneswar,Bhubaneswar Taluk,Bhubaneswar Village 2,20.31432,85.56216,69.89,25.68,36.7,46,7,Completed,2024-09-26,In Progress,44.6,Approved,4,Not Started,,19747975.0,4563886.0,15184089.0,5,Low,In Progress,27.5,In Progress,12.8,85.2,85.3,Notification,2028-11-16,,2024-08-27,0.311,1,154.6
ACQ-0395,URB-OD-0395,Urban Housing Project 395,Urban Housing,Ministry of Housing and Urban Affairs,Rail Land Development Authority,Odisha,Bhubaneswar,Bhubaneswar Taluk,Bhubaneswar Village 3,20.62941,85.66478,17.84,12.12,68.0,112,21,Completed,2024-08-16,In Progress,51.2,Approved,35,Completed,2025-02-02,20808721.0,8357077.0,12451644.0,1,Low,In Progress,45.5,In Progress,59.8,79.0,80.9,Compensation,2028-06-22,,2024-07-17,0.392,0,21.9
ACQ-0396,WAT-KE-0396,Water Reservoir Project 396,Water Reservoir,Ministry of Jal Shakti,State Industrial Development Corporation,Kerala,Thiruvananthapuram,Thiruvananthapuram Taluk,Thiruvananthapuram Village 4,8.61057,77.19114,9.96,3.72,37.4,15,3,Completed,2022-12-22,In Progress,31.1,Approved,6,Not Started,,3857909.0,1208091.0,2649818.0,1,Medium,In Progress,22.9,In Progress,30.8,59.1,88.7,Survey,2025-02-25,,2022-11-22,0.345,0,26.6
ACQ-0397,SOL-MA-0397,Solar Park Project 397,Solar Park,Ministry of New and Renewable Energy,State Housing Board,Maharashtra,Aurangabad,Aurangabad Taluk,Aurangabad Village 5,19.90607,75.21239,21.16,5.08,24.0,35,18,In Progress,,In Progress,37.1,Pending,86,Pending,,4858692.0,843787.0,4014905.0,3,None,In Progress,24.8,In Progress,16.3,77.5,54.8,Approval,2026-09-29,,2022-11-29,0.365,0,24.8
ACQ-0398,POW-TA-0398,Power Transmission Line Project 398,Power Transmission Line,Ministry of Power,State Road Development Corporation,Tamil Nadu,Salem,Salem Taluk,Salem Village 6,11.64753,78.22565,14.28,5.53,38.7,47,11,Completed,2025-05-09,In Progress,56.0,Approved,22,Completed,2025-10-26,2664373.0,1255901.0,1408472.0,0,None,In Progress,56.8,In Progress,51.0,67.5,65.1,Award,2028-02-09,,2025-04-09,0.346,0,15.7
ACQ-0399,URB-OD-0399,Urban Housing Project 399,Urban Housing,Ministry of Housing and Urban Affairs,Central Warehousing Corporation,Odisha,Cuttack,Cuttack Taluk,Cuttack Village 7,20.53171,85.66406,28.21,15.93,56.5,163,92,Completed,2022-12-16,In Progress,52.0,Approved,3,Completed,2023-06-04,14666025.0,4146900.0,10519125.0,0,None,In Progress,32.9,In Progress,18.4,75.4,80.3,Award,2026-01-07,,2022-11-16,0.492,0,22.1
ACQ-0400,AIR-KE-0400,Airport Expansion Project 400,Airport Expansion,Ministry of Civil Aviation,National Highways Authority of India,Kerala,Thiruvananthapuram,Thiruvananthapuram Taluk,Thiruvananthapuram Village 1,8.32385,77.02986,29.24,21.66,74.1,21,5,Completed,2025-10-03,In Progress,52.3,Approved,3,Completed,2026-03-22,36696418.0,29889448.0,6806970.0,1,None,In Progress,85.0,In Progress,32.3,40.3,96.2,Possession,2029-10-12,,2025-09-03,0.246,0,14.3
ACQ-0401,STA-TE-0401,State Highway Project 401,State Highway,State Public Works Department,State Industrial Development Corporation,Telangana,Hyderabad,Hyderabad Taluk,Hyderabad Village 2,17.37462,78.57112,188.08,116.35,61.9,362,16,Completed,2025-08-27,In Progress,65.1,Approved,31,Completed,2026-02-13,85157519.0,38496352.0,46661167.0,2,None,In Progress,54.4,In Progress,32.4,77.2,51.7,Compensation,2029-07-29,,2025-07-28,0.412,0,17.6
ACQ-0402,URB-PU-0402,Urban Housing Project 402,Urban Housing,Ministry of Housing and Urban Affairs,Central Warehousing Corporation,Punjab,Ludhiana,Ludhiana Taluk,Ludhiana Village 3,30.92489,75.85067,19.34,18.87,97.6,35,10,Completed,2025-08-06,Completed,100.0,Approved,9,Completed,2026-01-23,12629322.0,8537040.0,4092282.0,2,None,In Progress,59.0,In Progress,61.5,75.2,56.1,Closure,2029-08-28,,2025-07-07,0.453,1,95.7
ACQ-0403,NAT-UT-0403,National Highway Project 403,National Highway,Ministry of Road Transport and Highways,State Road Development Corporation,Uttar Pradesh,Lucknow,Lucknow Taluk,Lucknow Village 4,26.76314,81.28868,12.7,3.48,27.4,75,16,Completed,2022-01-16,In Progress,37.8,Approved,3,Pending,,4241809.0,1438178.0,2803631.0,3,Low,In Progress,39.1,In Progress,22.0,71.0,66.9,Notification,2026-01-14,,2021-12-17,0.356,0,23.2
ACQ-0404,SOL-UT-0404,Solar Park Project 404,Solar Park,Ministry of New and Renewable Energy,Rail Land Development Authority,Uttar Pradesh,Kanpur,Kanpur Taluk,Kanpur Village 5,26.28752,80.36504,203.73,78.98,38.8,58,24,Completed,2025-07-27,In Progress,41.4,Approved,0,Pending,,125333866.0,60474353.0,64859513.0,3,Low,In Progress,47.0,In Progress,31.2,78.3,79.4,Survey,2028-02-28,,2025-06-27,0.316,0,18.6
ACQ-0405,STA-RA-0405,State Highway Project 405,State Highway,State Public Works Department,State Road Development Corporation,Rajasthan,Jodhpur,Jodhpur Taluk,Jodhpur Village 6,26.22361,73.12084,10.58,6.96,65.8,570,118,Completed,2023-08-27,In Progress,79.4,Approved,7,Completed,2024-02-13,9195073.0,7271359.0,1923714.0,1,Medium,In Progress,49.2,In Progress,40.9,92.8,78.4,Possession,2025-09-19,,2023-07-28,0.478,0,17.0
ACQ-0406,IND-WE-0406,Industrial Corridor Project 406,Industrial Corridor,Ministry of Commerce and Industry,State Housing Board,West Bengal,Siliguri,Siliguri Taluk,Siliguri Village 7,26.70227,88.64286,12.86,10.03,78.0,117,66,Completed,2026-07-23,In Progress,91.4,Approved,30,Completed,2027-01-09,8550231.0,7964344.0,585887.0,1,Low,In Progress,42.6,In Progress,34.2,73.0,37.6,Possession,2029-04-19,,2026-06-23,0.437,1,91.7
ACQ-0407,STA-WE-0407,State Highway Project 407,State Highway,State Public Works Department,State Housing Board,West Bengal,Durgapur,Durgapur Taluk,Durgapur Village 1,23.42957,87.31522,18.91,12.44,65.8,85,30,Completed,2022-06-16,In Progress,71.2,Approved,0,Completed,2022-12-03,21480301.0,11554689.0,9925612.0,0,None,In Progress,66.4,In Progress,71.7,91.4,72.6,Legal,2027-02-12,,2022-05-17,0.453,0,13.9
ACQ-0408,STA-MA-0408,State Highway Project 408,State Highway,State Public Works Department,State Metro Rail Corporation,Madhya Pradesh,Jabalpur,Jabalpur Taluk,Jabalpur Village 2,23.23298,80.07106,170.08,8.03,4.7,46,10,Pending,,In Progress,14.2,Pending,36,Pending,,10344374.0,976125.0,9368249.0,4,High,In Progress,8.1,Not Started,3.9,86.1,71.3,Proposal,2030-07-28,,2026-05-08,0.284,1,216.4
ACQ-0409,SOL-PU-0409,Solar Park Project 409,Solar Park,Ministry of New and Renewable Energy,Rail Land Development Authority,Punjab,Ludhiana,Ludhiana Taluk,Ludhiana Village 3,31.03023,75.76151,10.03,8.62,86.0,69,14,Completed,2026-07-26,Completed,100.0,Approved,20,Completed,2027-01-12,8320250.0,8021835.0,298415.0,0,None,In Progress,75.1,In Progress,87.8,76.6,67.1,Rehabilitation,2028-10-30,,2026-06-26,0.3,0,6.3
ACQ-0410,AIR-KE-0410,Airport Expansion Project 410,Airport Expansion,Ministry of Civil Aviation,Rail Land Development Authority,Kerala,Kochi,Kochi Taluk,Kochi Village 4,10.04108,76.08109,16.38,7.56,46.1,48,13,Completed,2023-06-20,In Progress,43.0,Approved,26,Completed,2023-12-07,10565925.0,5260208.0,5305717.0,3,Low,In Progress,34.6,In Progress,36.4,37.3,36.4,Award,2024-07-21,,2023-05-21,0.353,1,148.3
ACQ-0411,MET-UT-0411,Metro Rail Project 411,Metro Rail,Ministry of Housing and Urban Affairs,Central Warehousing Corporation,Uttar Pradesh,Kanpur,Kanpur Taluk,Kanpur Village 5,26.4631,80.22038,31.35,16.83,53.7,31,9,Completed,2022-03-25,In Progress,49.5,Approved,19,Completed,2022-09-11,30177433.0,21308195.0,8869238.0,0,None,In Progress,65.6,In Progress,22.1,69.6,61.0,Compensation,2023-09-12,,2022-02-23,0.391,0,16.1
ACQ-0412,POW-TA-0412,Power Transmission Line Project 412,Power Transmission Line,Ministry of Power,National Highways Authority of India,Tamil Nadu,Salem,Salem Taluk,Salem Village 6,11.63801,78.50237,63.43,41.45,65.4,80,17,Completed,2022-07-17,In Progress,94.5,Approved,13,Completed,2023-01-03,41778756.0,22842093.0,18936663.0,1,Medium,In Progress,68.4,In Progress,60.4,81.8,41.5,Legal,2024-05-20,,2022-06-17,0.276,0,20.3
ACQ-0413,POW-MA-0413,Power Transmission Line Project 413,Power Transmission Line,Ministry of Power,National Highways Authority of India,Madhya Pradesh,Gwalior,Gwalior Taluk,Gwalior Village 7,26.12575,78.14996,133.87,118.67,88.6,10,2,Completed,2021-11-28,In Progress,70.4,Approved,31,Completed,2022-05-17,131297408.0,104627746.0,26669662.0,2,None,In Progress,73.7,In Progress,56.2,76.9,47.0,Legal,2025-11-26,,2021-10-29,0.23,0,12.6
ACQ-0414,URB-KE-0414,Urban Housing Project 414,Urban Housing,Ministry of Housing and Urban Affairs,State Road Development Corporation,Kerala,Kochi,Kochi Taluk,Kochi Village 1,9.64442,76.24864,61.79,48.19,78.0,20,3,Completed,2025-10-11,Completed,96.7,Approved,0,Completed,2026-03-30,64837377.0,58678421.0,6158956.0,0,None,In Progress,75.0,In Progress,80.4,76.6,50.8,Possession,2028-12-22,,2025-09-11,0.479,0,11.1
ACQ-0415,IND-TE-0415,Industrial Corridor Project 415,Industrial Corridor,Ministry of Commerce and Industry,State Power Transmission Corporation,Telangana,Hyderabad,Hyderabad Taluk,Hyderabad Village 2,17.65412,78.47116,3.51,0.76,21.6,31,5,Pending,,In Progress,18.8,Pending,12,Not Started,,1098564.0,213188.0,885376.0,4,Medium,In Progress,25.7,In Progress,26.5,69.0,72.8,Approval,2026-06-20,,2022-06-09,0.294,0,25.8
ACQ-0416,URB-MA-0416,Urban Housing Project 416,Urban Housing,Ministry of Housing and Urban Affairs,Central Warehousing Corporation,Madhya Pradesh,Jabalpur,Jabalpur Taluk,Jabalpur Village 3,23.44085,80.01558,13.29,8.81,66.3,18,1,Completed,2024-02-22,In Progress,65.2,Approved,0,Completed,2024-08-10,7518361.0,3076172.0,4442189.0,2,Low,In Progress,35.4,In Progress,42.1,42.4,57.7,Compensation,2026-04-05,,2024-01-23,0.404,1,164.2
ACQ-0417,POR-WE-0417,Port Expansion Project 417,Port Expansion,"Ministry of Ports, Shipping and Waterways",Rail Land Development Authority,West Bengal,Siliguri,Siliguri Taluk,Siliguri Village 4,26.52847,88.36402,24.57,24.57,100.0,69,16,Completed,2024-09-18,In Progress,93.4,Approved,7,Completed,2025-03-07,29483409.0,19076227.0,10407182.0,1,Medium,In Progress,65.1,In Progress,41.5,76.9,78.6,Possession,2027-01-12,,2024-08-19,0.328,0,19.2
ACQ-0418,SOL-RA-0418,Solar Park Project 418,Solar Park,Ministry of New and Renewable Energy,Rail Land Development Authority,Rajasthan,Jaisalmer,Jaisalmer Taluk,Jaisalmer Village 5,27.03234,71.07462,7.6,1.66,21.8,396,31,Completed,2022-07-22,In Progress,33.2,Approved,36,Pending,,2161217.0,403339.0,1757878.0,1,None,In Progress,39.9,In Progress,33.1,86.0,32.0,Notification,2026-08-30,,2022-06-22,0.274,0,21.5
ACQ-0419,WAT-TA-0419,Water Reservoir Project 419,Water Reservoir,Ministry of Jal Shakti,Rail Land Development Authority,Tamil Nadu,Madurai,Madurai Taluk,Madurai Village 6,10.10625,78.10825,11.24,8.12,72.2,166,31,Completed,2026-05-15,In Progress,62.4,Approved,3,Completed,2026-11-01,11583072.0,4930519.0,6652553.0,1,None,In Progress,47.1,In Progress,23.4,53.7,76.9,Award,2027-04-25,,2026-04-15,0.296,0,18.9
ACQ-0420,POW-TA-0420,Power Transmission Line Project 420,Power Transmission Line,Ministry of Power,Rail Land Development Authority,Tamil Nadu,Salem,Salem Taluk,Salem Village 7,12.08021,78.07692,2.67,1.28,47.8,23,8,Completed,2025-01-08,In Progress,51.2,Approved,0,Completed,2025-06-27,764335.0,457036.0,307299.0,1,Low,In Progress,58.7,In Progress,49.9,62.0,60.2,Award,2026-05-12,,2024-12-09,0.317,0,17.2
